insert into user_account (user_id, user_password, nickname, email, memo, created_at, created_by, modified_at, modified_by) values
    ('uno', '{noop}asdf1234', 'Uno', 'uno@mail.com', 'I am Uno.', now(), 'uno', now(), 'uno')
;
insert into user_account (user_id, user_password, nickname, email, memo, created_at, created_by, modified_at, modified_by) values
    ('uno2', '{noop}asdf1234', 'Uno2', 'uno2@mail.com', 'I am Uno2.', now(), 'uno', now(), 'uno2')
;

insert into article (user_id, title, description, created_at, created_by, modified_at, modified_by) values ('uno2', 'Nullam orci pede, venenatis non, sodales sed, tincidunt eu, felis.', 'Pellentesque at nulla. Suspendisse potenti. Cras in purus eu magna vulputate luctus.', '2023-10-02 04:29:09', 'Ardyth', '2023-02-08 08:56:07', 'Ave');
insert into article (user_id, title, description, created_at, created_by, modified_at, modified_by) values ('uno2', 'In quis justo.', 'Maecenas leo odio, condimentum id, luctus nec, molestie sed, justo. Pellentesque viverra pede ac diam. Cras pellentesque volutpat dui.', '2023-11-03 13:07:20', 'Joy', '2023-08-05 08:51:49', 'Selene');
insert into article (user_id, title, description, created_at, created_by, modified_at, modified_by) values ('uno2', 'Nullam varius.', 'Curabitur gravida nisi at nibh. In hac habitasse platea dictumst. Aliquam augue quam, sollicitudin vitae, consectetuer eget, rutrum at, lorem.', '2023-11-17 16:04:40', 'Darda', '2023-07-27 19:56:30', 'Darla');
insert into article (user_id, title, description, created_at, created_by, modified_at, modified_by) values ('uno2', 'Nullam sit amet turpis elementum ligula vehicula consequat.', 'Suspendisse potenti. In eleifend quam a odio. In hac habitasse platea dictumst.', '2023-06-06 13:16:30', 'Madel', '2022-12-01 22:41:39', 'Haywood');
insert into article (user_id, title, description, created_at, created_by, modified_at, modified_by) values ('uno2', 'Nunc rhoncus dui vel sem.', 'Maecenas leo odio, condimentum id, luctus nec, molestie sed, justo. Pellentesque viverra pede ac diam. Cras pellentesque volutpat dui.', '2023-08-15 19:59:49', 'Brittney', '2023-08-27 02:38:04', 'Arlena');
insert into article (user_id, title, description, created_at, created_by, modified_at, modified_by) values ('uno2', 'Maecenas rhoncus aliquam lacus.', 'Nullam porttitor lacus at turpis. Donec posuere metus vitae ipsum. Aliquam non mauris.', '2023-03-09 09:40:01', 'Ceciley', '2023-10-14 14:26:26', 'Rubi');
insert into article (user_id, title, description, created_at, created_by, modified_at, modified_by) values ('uno2', 'Maecenas tincidunt lacus at velit.', 'Quisque porta volutpat erat. Quisque erat eros, viverra eget, congue eget, semper rutrum, nulla. Nunc purus.', '2023-07-22 21:57:03', 'Fallon', '2023-08-31 07:42:09', 'Kimberli');
insert into article (user_id, title, description, created_at, created_by, modified_at, modified_by) values ('uno2', 'Nullam molestie nibh in lectus.', 'Praesent id massa id nisl venenatis lacinia. Aenean sit amet justo. Morbi ut odio.', '2023-08-31 21:29:56', 'Natalina', '2023-01-10 04:08:26', 'Alfie');
insert into article (user_id, title, description, created_at, created_by, modified_at, modified_by) values ('uno2', 'Nam nulla.', 'Vestibulum quam sapien, varius ut, blandit non, interdum in, ante. Vestibulum ante ipsum primis in faucibus orci luctus et ultrices posuere cubilia Curae; Duis faucibus accumsan odio. Curabitur convallis.', '2023-10-02 03:44:56', 'Johanna', '2023-09-04 11:14:03', 'Darrick');
insert into article (user_id, title, description, created_at, created_by, modified_at, modified_by) values ('uno', 'Donec ut dolor.', 'Maecenas leo odio, condimentum id, luctus nec, molestie sed, justo. Pellentesque viverra pede ac diam. Cras pellentesque volutpat dui.', '2023-11-04 03:42:02', 'Sheelagh', '2023-03-20 20:11:12', 'Persis');
insert into article (user_id, title, description, created_at, created_by, modified_at, modified_by) values ('uno', 'Vestibulum ante ipsum primis in faucibus orci luctus et ultrices posuere cubilia Curae; Donec pharetra, magna vestibulum aliquet ultrices, erat tortor sollicitudin mi, sit amet lobortis sapien sapien non mi.', 'In sagittis dui vel nisl. Duis ac nibh. Fusce lacus purus, aliquet at, feugiat non, pretium quis, lectus.', '2023-06-20 05:54:33', 'Devora', '2023-04-19 03:53:06', 'Cherie');
insert into article (user_id, title, description, created_at, created_by, modified_at, modified_by) values ('uno2', 'Aliquam sit amet diam in magna bibendum imperdiet.', 'Aenean lectus. Pellentesque eget nunc. Donec quis orci eget orci vehicula condimentum.', '2023-02-25 00:09:31', 'Philippa', '2023-01-16 16:58:18', 'Cassius');
insert into article (user_id, title, description, created_at, created_by, modified_at, modified_by) values ('uno2', 'Mauris enim leo, rhoncus sed, vestibulum sit amet, cursus id, turpis.', 'Duis bibendum. Morbi non quam nec dui luctus rutrum. Nulla tellus.', '2023-09-18 04:20:39', 'Quinn', '2023-06-02 04:45:39', 'Guglielma');
insert into article (user_id, title, description, created_at, created_by, modified_at, modified_by) values ('uno', 'Integer tincidunt ante vel ipsum.', 'Morbi porttitor lorem id ligula. Suspendisse ornare consequat lectus. In est risus, auctor sed, tristique in, tempus sit amet, sem.', '2023-08-15 19:55:44', 'Shoshana', '2023-06-08 18:24:38', 'Liva');
insert into article (user_id, title, description, created_at, created_by, modified_at, modified_by) values ('uno2', 'Donec dapibus.', 'Integer ac leo. Pellentesque ultrices mattis odio. Donec vitae nisi.', '2023-09-12 03:21:26', 'Anne', '2023-08-17 09:52:12', 'Elsworth');
insert into article (user_id, title, description, created_at, created_by, modified_at, modified_by) values ('uno', 'Nam ultrices, libero non mattis pulvinar, nulla pede ullamcorper augue, a suscipit nulla elit ac nulla.', 'Praesent blandit. Nam nulla. Integer pede justo, lacinia eget, tincidunt eget, tempus vel, pede.', '2023-01-20 00:57:45', 'Toinette', '2023-02-06 16:45:31', 'Obidiah');
insert into article (user_id, title, description, created_at, created_by, modified_at, modified_by) values ('uno2', 'Fusce congue, diam id ornare imperdiet, sapien urna pretium nisl, ut volutpat sapien arcu sed augue.', 'Curabitur gravida nisi at nibh. In hac habitasse platea dictumst. Aliquam augue quam, sollicitudin vitae, consectetuer eget, rutrum at, lorem.', '2023-06-21 04:00:27', 'Charil', '2023-01-10 04:01:54', 'Zechariah');
insert into article (user_id, title, description, created_at, created_by, modified_at, modified_by) values ('uno2', 'Nulla tellus.', 'Nullam sit amet turpis elementum ligula vehicula consequat. Morbi a ipsum. Integer a nibh.', '2023-11-17 05:16:20', 'Darcey', '2023-07-11 21:51:46', 'Nicolina');
insert into article (user_id, title, description, created_at, created_by, modified_at, modified_by) values ('uno2', 'Duis aliquam convallis nunc.', 'In sagittis dui vel nisl. Duis ac nibh. Fusce lacus purus, aliquet at, feugiat non, pretium quis, lectus.', '2023-03-02 01:50:49', 'Celesta', '2023-06-16 08:40:45', 'Tucker');
insert into article (user_id, title, description, created_at, created_by, modified_at, modified_by) values ('uno', 'Donec odio justo, sollicitudin ut, suscipit a, feugiat et, eros.', 'In hac habitasse platea dictumst. Morbi vestibulum, velit id pretium iaculis, diam erat fermentum justo, nec condimentum neque sapien placerat ante. Nulla justo.', '2023-07-23 20:00:16', 'Martynne', '2023-10-25 12:52:07', 'Becky');
insert into article (user_id, title, description, created_at, created_by, modified_at, modified_by) values ('uno2', 'Nam congue, risus semper porta volutpat, quam pede lobortis ligula, sit amet eleifend pede libero quis orci.', 'Quisque id justo sit amet sapien dignissim vestibulum. Vestibulum ante ipsum primis in faucibus orci luctus et ultrices posuere cubilia Curae; Nulla dapibus dolor vel est. Donec odio justo, sollicitudin ut, suscipit a, feugiat et, eros.', '2023-04-08 14:35:32', 'Saba', '2023-08-06 18:53:04', 'Hayley');
insert into article (user_id, title, description, created_at, created_by, modified_at, modified_by) values ('uno', 'In congue.', 'Praesent id massa id nisl venenatis lacinia. Aenean sit amet justo. Morbi ut odio.', '2023-08-02 10:16:28', 'Lilly', '2023-05-13 10:01:24', 'Wes');
insert into article (user_id, title, description, created_at, created_by, modified_at, modified_by) values ('uno2', 'Etiam vel augue.', 'Mauris enim leo, rhoncus sed, vestibulum sit amet, cursus id, turpis. Integer aliquet, massa id lobortis convallis, tortor risus dapibus augue, vel accumsan tellus nisi eu orci. Mauris lacinia sapien quis libero.', '2023-01-11 08:22:07', 'Nataline', '2023-07-22 10:42:21', 'Johnna');
insert into article (user_id, title, description, created_at, created_by, modified_at, modified_by) values ('uno', 'Phasellus sit amet erat.', 'Duis bibendum, felis sed interdum venenatis, turpis enim blandit mi, in porttitor pede justo eu massa. Donec dapibus. Duis at velit eu est congue elementum.', '2023-06-19 12:43:30', 'Jenda', '2023-08-23 20:43:19', 'Mikael');
insert into article (user_id, title, description, created_at, created_by, modified_at, modified_by) values ('uno', 'Phasellus id sapien in sapien iaculis congue.', 'Duis bibendum. Morbi non quam nec dui luctus rutrum. Nulla tellus.', '2023-04-26 19:36:15', 'Rebe', '2023-07-25 06:36:36', 'Reamonn');
insert into article (user_id, title, description, created_at, created_by, modified_at, modified_by) values ('uno', 'Nam nulla.', 'Cras non velit nec nisi vulputate nonummy. Maecenas tincidunt lacus at velit. Vivamus vel nulla eget eros elementum pellentesque.', '2023-05-16 21:21:56', 'Joey', '2023-03-29 12:00:36', 'Marve');
insert into article (user_id, title, description, created_at, created_by, modified_at, modified_by) values ('uno', 'Nam congue, risus semper porta volutpat, quam pede lobortis ligula, sit amet eleifend pede libero quis orci.', 'Phasellus in felis. Donec semper sapien a libero. Nam dui.', '2023-02-07 19:45:45', 'Nari', '2023-01-18 02:25:39', 'Happy');
insert into article (user_id, title, description, created_at, created_by, modified_at, modified_by) values ('uno', 'Curabitur gravida nisi at nibh.', 'Phasellus in felis. Donec semper sapien a libero. Nam dui.', '2023-07-05 19:55:51', 'Cristina', '2023-11-23 15:16:38', 'Etti');
insert into article (user_id, title, description, created_at, created_by, modified_at, modified_by) values ('uno', 'Mauris lacinia sapien quis libero.', 'Fusce posuere felis sed lacus. Morbi sem mauris, laoreet ut, rhoncus aliquet, pulvinar sed, nisl. Nunc rhoncus dui vel sem.', '2023-11-01 04:39:37', 'Wileen', '2022-12-26 07:53:56', 'Alisun');
insert into article (user_id, title, description, created_at, created_by, modified_at, modified_by) values ('uno', 'Nulla mollis molestie lorem.', 'In sagittis dui vel nisl. Duis ac nibh. Fusce lacus purus, aliquet at, feugiat non, pretium quis, lectus.', '2023-06-06 19:46:27', 'Pauli', '2023-04-12 15:28:04', 'Sophia');
insert into article (user_id, title, description, created_at, created_by, modified_at, modified_by) values ('uno2', 'Vestibulum ante ipsum primis in faucibus orci luctus et ultrices posuere cubilia Curae; Donec pharetra, magna vestibulum aliquet ultrices, erat tortor sollicitudin mi, sit amet lobortis sapien sapien non mi.', 'Curabitur in libero ut massa volutpat convallis. Morbi odio odio, elementum eu, interdum eu, tincidunt in, leo. Maecenas pulvinar lobortis est.', '2023-06-26 06:09:56', 'Chelsie', '2023-11-21 07:23:36', 'Aida');
insert into article (user_id, title, description, created_at, created_by, modified_at, modified_by) values ('uno2', 'Pellentesque viverra pede ac diam.', 'Cras mi pede, malesuada in, imperdiet et, commodo vulputate, justo. In blandit ultrices enim. Lorem ipsum dolor sit amet, consectetuer adipiscing elit.', '2023-10-29 18:38:55', 'Elysha', '2023-01-02 00:01:48', 'Lindsey');
insert into article (user_id, title, description, created_at, created_by, modified_at, modified_by) values ('uno', 'Nulla neque libero, convallis eget, eleifend luctus, ultricies eu, nibh.', 'Phasellus in felis. Donec semper sapien a libero. Nam dui.', '2023-07-16 06:46:34', 'Andra', '2022-12-01 11:38:07', 'Filberte');
insert into article (user_id, title, description, created_at, created_by, modified_at, modified_by) values ('uno2', 'Proin risus.', 'Quisque id justo sit amet sapien dignissim vestibulum. Vestibulum ante ipsum primis in faucibus orci luctus et ultrices posuere cubilia Curae; Nulla dapibus dolor vel est. Donec odio justo, sollicitudin ut, suscipit a, feugiat et, eros.', '2023-04-27 05:46:33', 'Debee', '2023-01-30 12:39:37', 'Nelle');
insert into article (user_id, title, description, created_at, created_by, modified_at, modified_by) values ('uno', 'Pellentesque ultrices mattis odio.', 'In congue. Etiam justo. Etiam pretium iaculis justo.', '2023-10-13 09:08:07', 'Arlen', '2023-09-23 07:07:04', 'Fran');
insert into article (user_id, title, description, created_at, created_by, modified_at, modified_by) values ('uno2', 'Cum sociis natoque penatibus et magnis dis parturient montes, nascetur ridiculus mus.', 'Sed sagittis. Nam congue, risus semper porta volutpat, quam pede lobortis ligula, sit amet eleifend pede libero quis orci. Nullam molestie nibh in lectus.', '2023-03-17 00:54:50', 'Ange', '2023-08-09 10:51:43', 'Jeri');
insert into article (user_id, title, description, created_at, created_by, modified_at, modified_by) values ('uno2', 'Duis bibendum.', 'Duis consequat dui nec nisi volutpat eleifend. Donec ut dolor. Morbi vel lectus in quam fringilla rhoncus.', '2023-07-18 14:59:06', 'Matilda', '2023-10-07 14:42:21', 'Rosemaria');
insert into article (user_id, title, description, created_at, created_by, modified_at, modified_by) values ('uno2', 'Nullam sit amet turpis elementum ligula vehicula consequat.', 'Praesent blandit. Nam nulla. Integer pede justo, lacinia eget, tincidunt eget, tempus vel, pede.', '2023-07-14 02:44:49', 'Dorrie', '2023-02-06 12:26:22', 'Hugibert');
insert into article (user_id, title, description, created_at, created_by, modified_at, modified_by) values ('uno', 'Phasellus sit amet erat.', 'Vestibulum quam sapien, varius ut, blandit non, interdum in, ante. Vestibulum ante ipsum primis in faucibus orci luctus et ultrices posuere cubilia Curae; Duis faucibus accumsan odio. Curabitur convallis.', '2023-08-14 01:11:32', 'Issi', '2023-03-17 06:26:47', 'Heddie');
insert into article (user_id, title, description, created_at, created_by, modified_at, modified_by) values ('uno2', 'Nulla mollis molestie lorem.', 'In congue. Etiam justo. Etiam pretium iaculis justo.', '2023-09-14 17:34:37', 'Jemima', '2023-06-14 19:39:56', 'Vanna');
insert into article (user_id, title, description, created_at, created_by, modified_at, modified_by) values ('uno2', 'Integer a nibh.', 'Sed sagittis. Nam congue, risus semper porta volutpat, quam pede lobortis ligula, sit amet eleifend pede libero quis orci. Nullam molestie nibh in lectus.', '2023-09-05 22:18:51', 'Paloma', '2022-12-24 06:01:07', 'Bev');
insert into article (user_id, title, description, created_at, created_by, modified_at, modified_by) values ('uno', 'Morbi a ipsum.', 'Mauris enim leo, rhoncus sed, vestibulum sit amet, cursus id, turpis. Integer aliquet, massa id lobortis convallis, tortor risus dapibus augue, vel accumsan tellus nisi eu orci. Mauris lacinia sapien quis libero.', '2023-02-04 16:57:09', 'Gennie', '2023-07-21 13:22:32', 'Gillie');
insert into article (user_id, title, description, created_at, created_by, modified_at, modified_by) values ('uno2', 'Donec diam neque, vestibulum eget, vulputate ut, ultrices vel, augue.', 'Lorem ipsum dolor sit amet, consectetuer adipiscing elit. Proin risus. Praesent lectus.', '2023-09-01 09:09:47', 'Dorette', '2023-04-01 19:51:59', 'Bobbee');
insert into article (user_id, title, description, created_at, created_by, modified_at, modified_by) values ('uno', 'Nunc purus.', 'Cras non velit nec nisi vulputate nonummy. Maecenas tincidunt lacus at velit. Vivamus vel nulla eget eros elementum pellentesque.', '2023-04-27 06:45:01', 'Ferdinanda', '2023-06-19 20:40:38', 'Randee');
insert into article (user_id, title, description, created_at, created_by, modified_at, modified_by) values ('uno2', 'Nullam molestie nibh in lectus.', 'Fusce consequat. Nulla nisl. Nunc nisl.', '2023-05-29 05:06:44', 'Francesca', '2022-12-23 21:07:23', 'Benny');
insert into article (user_id, title, description, created_at, created_by, modified_at, modified_by) values ('uno2', 'Donec ut mauris eget massa tempor convallis.', 'Proin leo odio, porttitor id, consequat in, consequat ut, nulla. Sed accumsan felis. Ut at dolor quis odio consequat varius.', '2023-01-13 10:39:51', 'Phebe', '2023-03-14 12:42:12', 'Alix');
insert into article (user_id, title, description, created_at, created_by, modified_at, modified_by) values ('uno2', 'Vivamus in felis eu sapien cursus vestibulum.', 'Duis bibendum, felis sed interdum venenatis, turpis enim blandit mi, in porttitor pede justo eu massa. Donec dapibus. Duis at velit eu est congue elementum.', '2023-01-20 17:31:07', 'Tobey', '2023-01-28 16:17:16', 'Horton');
insert into article (user_id, title, description, created_at, created_by, modified_at, modified_by) values ('uno2', 'Morbi vel lectus in quam fringilla rhoncus.', 'Duis aliquam convallis nunc. Proin at turpis a pede posuere nonummy. Integer non velit.', '2023-02-16 22:02:32', 'Bennie', '2023-02-28 10:57:23', 'Merline');
insert into article (user_id, title, description, created_at, created_by, modified_at, modified_by) values ('uno2', 'Praesent blandit lacinia erat.', 'Nullam sit amet turpis elementum ligula vehicula consequat. Morbi a ipsum. Integer a nibh.', '2023-05-22 19:00:16', 'Pippa', '2023-06-22 21:46:22', 'Rodolphe');
insert into article (user_id, title, description, created_at, created_by, modified_at, modified_by) values ('uno2', 'Praesent lectus.', 'Duis bibendum, felis sed interdum venenatis, turpis enim blandit mi, in porttitor pede justo eu massa. Donec dapibus. Duis at velit eu est congue elementum.', '2023-08-15 18:40:13', 'Kittie', '2022-11-29 06:16:55', 'Davidde');
insert into article (user_id, title, description, created_at, created_by, modified_at, modified_by) values ('uno2', 'In hac habitasse platea dictumst.', 'Suspendisse potenti. In eleifend quam a odio. In hac habitasse platea dictumst.', '2023-02-09 23:30:35', 'Elayne', '2023-01-12 00:51:43', 'Donelle');
insert into article (user_id, title, description, created_at, created_by, modified_at, modified_by) values ('uno', 'Fusce lacus purus, aliquet at, feugiat non, pretium quis, lectus.', 'Cum sociis natoque penatibus et magnis dis parturient montes, nascetur ridiculus mus. Vivamus vestibulum sagittis sapien. Cum sociis natoque penatibus et magnis dis parturient montes, nascetur ridiculus mus.', '2023-09-30 21:35:36', 'Esme', '2023-09-01 13:19:02', 'Stuart');
insert into article (user_id, title, description, created_at, created_by, modified_at, modified_by) values ('uno2', 'Suspendisse potenti.', 'In quis justo. Maecenas rhoncus aliquam lacus. Morbi quis tortor id nulla ultrices aliquet.', '2023-06-08 23:20:35', 'Fina', '2023-11-03 12:31:56', 'Kori');
insert into article (user_id, title, description, created_at, created_by, modified_at, modified_by) values ('uno', 'Vivamus tortor.', 'Praesent blandit. Nam nulla. Integer pede justo, lacinia eget, tincidunt eget, tempus vel, pede.', '2023-04-15 07:29:25', 'Alida', '2023-11-12 12:20:21', 'Rowena');
insert into article (user_id, title, description, created_at, created_by, modified_at, modified_by) values ('uno2', 'Integer pede justo, lacinia eget, tincidunt eget, tempus vel, pede.', 'Lorem ipsum dolor sit amet, consectetuer adipiscing elit. Proin risus. Praesent lectus.', '2022-12-26 19:46:27', 'Arlinda', '2023-03-09 11:06:27', 'Josefina');
insert into article (user_id, title, description, created_at, created_by, modified_at, modified_by) values ('uno', 'Nunc nisl.', 'Mauris enim leo, rhoncus sed, vestibulum sit amet, cursus id, turpis. Integer aliquet, massa id lobortis convallis, tortor risus dapibus augue, vel accumsan tellus nisi eu orci. Mauris lacinia sapien quis libero.', '2023-08-04 15:53:32', 'Bonita', '2023-11-01 20:58:39', 'Jamaal');
insert into article (user_id, title, description, created_at, created_by, modified_at, modified_by) values ('uno2', 'Donec dapibus.', 'Aenean lectus. Pellentesque eget nunc. Donec quis orci eget orci vehicula condimentum.', '2023-11-14 00:07:43', 'Nanete', '2023-07-23 06:32:44', 'Joleen');
insert into article (user_id, title, description, created_at, created_by, modified_at, modified_by) values ('uno', 'Suspendisse potenti.', 'Fusce consequat. Nulla nisl. Nunc nisl.', '2023-11-19 07:01:43', 'Vera', '2023-04-05 04:05:03', 'Inger');
insert into article (user_id, title, description, created_at, created_by, modified_at, modified_by) values ('uno2', 'Nulla mollis molestie lorem.', 'Duis aliquam convallis nunc. Proin at turpis a pede posuere nonummy. Integer non velit.', '2023-10-06 19:43:34', 'Andriana', '2023-03-17 12:14:00', 'Vanya');
insert into article (user_id, title, description, created_at, created_by, modified_at, modified_by) values ('uno', 'Etiam pretium iaculis justo.', 'Integer ac leo. Pellentesque ultrices mattis odio. Donec vitae nisi.', '2023-06-19 20:05:07', 'Julissa', '2023-04-09 03:23:20', 'Godwin');
insert into article (user_id, title, description, created_at, created_by, modified_at, modified_by) values ('uno', 'Ut at dolor quis odio consequat varius.', 'Nullam sit amet turpis elementum ligula vehicula consequat. Morbi a ipsum. Integer a nibh.', '2023-03-27 11:58:45', 'Lenore', '2023-03-30 10:40:52', 'Gilberta');
insert into article (user_id, title, description, created_at, created_by, modified_at, modified_by) values ('uno2', 'Morbi vel lectus in quam fringilla rhoncus.', 'In sagittis dui vel nisl. Duis ac nibh. Fusce lacus purus, aliquet at, feugiat non, pretium quis, lectus.', '2023-04-02 03:49:40', 'Valenka', '2023-07-01 06:04:40', 'Claus');
insert into article (user_id, title, description, created_at, created_by, modified_at, modified_by) values ('uno', 'Pellentesque ultrices mattis odio.', 'Praesent blandit. Nam nulla. Integer pede justo, lacinia eget, tincidunt eget, tempus vel, pede.', '2023-02-01 05:40:58', 'Tammy', '2023-11-18 16:32:29', 'Aguie');
insert into article (user_id, title, description, created_at, created_by, modified_at, modified_by) values ('uno', 'Cum sociis natoque penatibus et magnis dis parturient montes, nascetur ridiculus mus.', 'Cum sociis natoque penatibus et magnis dis parturient montes, nascetur ridiculus mus. Vivamus vestibulum sagittis sapien. Cum sociis natoque penatibus et magnis dis parturient montes, nascetur ridiculus mus.', '2023-08-26 16:38:37', 'Randi', '2023-08-31 18:42:25', 'Amandie');
insert into article (user_id, title, description, created_at, created_by, modified_at, modified_by) values ('uno2', 'Integer pede justo, lacinia eget, tincidunt eget, tempus vel, pede.', 'Proin eu mi. Nulla ac enim. In tempor, turpis nec euismod scelerisque, quam turpis adipiscing lorem, vitae mattis nibh ligula nec sem.', '2022-11-27 01:56:20', 'Jenna', '2023-11-03 20:44:36', 'Dido');
insert into article (user_id, title, description, created_at, created_by, modified_at, modified_by) values ('uno', 'Donec ut dolor.', 'Fusce consequat. Nulla nisl. Nunc nisl.', '2023-03-02 14:57:09', 'Roseanne', '2023-11-10 07:39:07', 'Carl');
insert into article (user_id, title, description, created_at, created_by, modified_at, modified_by) values ('uno2', 'Donec semper sapien a libero.', 'Cras mi pede, malesuada in, imperdiet et, commodo vulputate, justo. In blandit ultrices enim. Lorem ipsum dolor sit amet, consectetuer adipiscing elit.', '2023-03-13 19:15:32', 'Crista', '2023-05-25 13:17:44', 'Rab');
insert into article (user_id, title, description, created_at, created_by, modified_at, modified_by) values ('uno', 'Aliquam sit amet diam in magna bibendum imperdiet.', 'Aenean fermentum. Donec ut mauris eget massa tempor convallis. Nulla neque libero, convallis eget, eleifend luctus, ultricies eu, nibh.', '2023-09-08 14:31:17', 'Ferdinande', '2023-03-14 19:55:16', 'Josias');
insert into article (user_id, title, description, created_at, created_by, modified_at, modified_by) values ('uno2', 'Integer pede justo, lacinia eget, tincidunt eget, tempus vel, pede.', 'Aenean fermentum. Donec ut mauris eget massa tempor convallis. Nulla neque libero, convallis eget, eleifend luctus, ultricies eu, nibh.', '2023-10-07 20:01:38', 'Maureen', '2023-08-03 21:46:01', 'Celestyn');
insert into article (user_id, title, description, created_at, created_by, modified_at, modified_by) values ('uno', 'Integer aliquet, massa id lobortis convallis, tortor risus dapibus augue, vel accumsan tellus nisi eu orci.', 'Aliquam quis turpis eget elit sodales scelerisque. Mauris sit amet eros. Suspendisse accumsan tortor quis turpis.', '2023-06-29 19:01:45', 'Georgie', '2023-05-30 13:38:26', 'Adi');
insert into article (user_id, title, description, created_at, created_by, modified_at, modified_by) values ('uno', 'Cras pellentesque volutpat dui.', 'Duis bibendum, felis sed interdum venenatis, turpis enim blandit mi, in porttitor pede justo eu massa. Donec dapibus. Duis at velit eu est congue elementum.', '2023-09-18 21:53:30', 'Kakalina', '2023-07-12 13:45:22', 'Jdavie');
insert into article (user_id, title, description, created_at, created_by, modified_at, modified_by) values ('uno', 'Integer pede justo, lacinia eget, tincidunt eget, tempus vel, pede.', 'Vestibulum quam sapien, varius ut, blandit non, interdum in, ante. Vestibulum ante ipsum primis in faucibus orci luctus et ultrices posuere cubilia Curae; Duis faucibus accumsan odio. Curabitur convallis.', '2023-02-04 15:48:40', 'Brandea', '2023-10-31 15:39:37', 'Ardra');
insert into article (user_id, title, description, created_at, created_by, modified_at, modified_by) values ('uno', 'Lorem ipsum dolor sit amet, consectetuer adipiscing elit.', 'Fusce posuere felis sed lacus. Morbi sem mauris, laoreet ut, rhoncus aliquet, pulvinar sed, nisl. Nunc rhoncus dui vel sem.', '2023-01-12 05:00:20', 'Vilma', '2023-09-11 22:01:25', 'Cherlyn');
insert into article (user_id, title, description, created_at, created_by, modified_at, modified_by) values ('uno2', 'Vestibulum quam sapien, varius ut, blandit non, interdum in, ante.', 'Donec diam neque, vestibulum eget, vulputate ut, ultrices vel, augue. Vestibulum ante ipsum primis in faucibus orci luctus et ultrices posuere cubilia Curae; Donec pharetra, magna vestibulum aliquet ultrices, erat tortor sollicitudin mi, sit amet lobortis sapien sapien non mi. Integer ac neque.', '2023-05-21 15:08:50', 'Blondell', '2022-12-23 20:09:45', 'Manya');
insert into article (user_id, title, description, created_at, created_by, modified_at, modified_by) values ('uno', 'Vivamus tortor.', 'Phasellus sit amet erat. Nulla tempus. Vivamus in felis eu sapien cursus vestibulum.', '2023-10-01 11:37:13', 'Britney', '2022-11-30 00:36:11', 'Burnard');
insert into article (user_id, title, description, created_at, created_by, modified_at, modified_by) values ('uno', 'Nulla ut erat id mauris vulputate elementum.', 'Maecenas leo odio, condimentum id, luctus nec, molestie sed, justo. Pellentesque viverra pede ac diam. Cras pellentesque volutpat dui.', '2023-03-03 21:53:24', 'Briney', '2022-12-20 18:38:42', 'Haze');
insert into article (user_id, title, description, created_at, created_by, modified_at, modified_by) values ('uno', 'Maecenas tristique, est et tempus semper, est quam pharetra magna, ac consequat metus sapien ut nunc.', 'Proin eu mi. Nulla ac enim. In tempor, turpis nec euismod scelerisque, quam turpis adipiscing lorem, vitae mattis nibh ligula nec sem.', '2023-11-13 04:20:13', 'Robbyn', '2023-03-23 03:08:35', 'Igor');
insert into article (user_id, title, description, created_at, created_by, modified_at, modified_by) values ('uno', 'Nunc purus.', 'Donec diam neque, vestibulum eget, vulputate ut, ultrices vel, augue. Vestibulum ante ipsum primis in faucibus orci luctus et ultrices posuere cubilia Curae; Donec pharetra, magna vestibulum aliquet ultrices, erat tortor sollicitudin mi, sit amet lobortis sapien sapien non mi. Integer ac neque.', '2023-05-17 10:19:17', 'Heidi', '2023-01-02 21:50:03', 'Leoline');
insert into article (user_id, title, description, created_at, created_by, modified_at, modified_by) values ('uno', 'Phasellus sit amet erat.', 'In sagittis dui vel nisl. Duis ac nibh. Fusce lacus purus, aliquet at, feugiat non, pretium quis, lectus.', '2023-11-03 18:49:55', 'Susi', '2023-01-09 05:47:49', 'Nita');
insert into article (user_id, title, description, created_at, created_by, modified_at, modified_by) values ('uno', 'Pellentesque at nulla.', 'Duis aliquam convallis nunc. Proin at turpis a pede posuere nonummy. Integer non velit.', '2023-03-08 18:19:28', 'Jerrylee', '2023-01-22 02:48:54', 'Jeth');
insert into article (user_id, title, description, created_at, created_by, modified_at, modified_by) values ('uno2', 'Suspendisse potenti.', 'Aenean lectus. Pellentesque eget nunc. Donec quis orci eget orci vehicula condimentum.', '2023-03-29 18:24:52', 'Blakelee', '2023-11-17 22:26:45', 'Galvin');
insert into article (user_id, title, description, created_at, created_by, modified_at, modified_by) values ('uno2', 'Fusce congue, diam id ornare imperdiet, sapien urna pretium nisl, ut volutpat sapien arcu sed augue.', 'Vestibulum ac est lacinia nisi venenatis tristique. Fusce congue, diam id ornare imperdiet, sapien urna pretium nisl, ut volutpat sapien arcu sed augue. Aliquam erat volutpat.', '2023-05-21 15:15:03', 'Eliza', '2022-12-16 06:15:12', 'Keri');
insert into article (user_id, title, description, created_at, created_by, modified_at, modified_by) values ('uno2', 'Nam congue, risus semper porta volutpat, quam pede lobortis ligula, sit amet eleifend pede libero quis orci.', 'Etiam vel augue. Vestibulum rutrum rutrum neque. Aenean auctor gravida sem.', '2023-05-29 10:27:29', 'Lucille', '2023-08-26 18:28:48', 'Haleigh');
insert into article (user_id, title, description, created_at, created_by, modified_at, modified_by) values ('uno2', 'Phasellus sit amet erat.', 'Vestibulum ac est lacinia nisi venenatis tristique. Fusce congue, diam id ornare imperdiet, sapien urna pretium nisl, ut volutpat sapien arcu sed augue. Aliquam erat volutpat.', '2022-12-03 12:11:29', 'Davita', '2023-05-22 04:38:27', 'Vivien');
insert into article (user_id, title, description, created_at, created_by, modified_at, modified_by) values ('uno2', 'Sed vel enim sit amet nunc viverra dapibus.', 'Nullam sit amet turpis elementum ligula vehicula consequat. Morbi a ipsum. Integer a nibh.', '2023-08-17 05:06:42', 'Twyla', '2023-08-27 00:23:08', 'Ddene');
insert into article (user_id, title, description, created_at, created_by, modified_at, modified_by) values ('uno', 'Aliquam quis turpis eget elit sodales scelerisque.', 'Morbi porttitor lorem id ligula. Suspendisse ornare consequat lectus. In est risus, auctor sed, tristique in, tempus sit amet, sem.', '2023-05-14 06:04:40', 'Anderea', '2023-05-25 09:50:48', 'Jeni');
insert into article (user_id, title, description, created_at, created_by, modified_at, modified_by) values ('uno', 'In hac habitasse platea dictumst.', 'Proin eu mi. Nulla ac enim. In tempor, turpis nec euismod scelerisque, quam turpis adipiscing lorem, vitae mattis nibh ligula nec sem.', '2023-10-15 21:02:41', 'Charleen', '2023-06-23 22:44:01', 'Esteban');
insert into article (user_id, title, description, created_at, created_by, modified_at, modified_by) values ('uno2', 'Pellentesque at nulla.', 'Vestibulum quam sapien, varius ut, blandit non, interdum in, ante. Vestibulum ante ipsum primis in faucibus orci luctus et ultrices posuere cubilia Curae; Duis faucibus accumsan odio. Curabitur convallis.', '2023-04-01 07:37:14', 'Katerine', '2023-09-22 22:59:40', 'Laurena');
insert into article (user_id, title, description, created_at, created_by, modified_at, modified_by) values ('uno', 'Integer ac neque.', 'Duis consequat dui nec nisi volutpat eleifend. Donec ut dolor. Morbi vel lectus in quam fringilla rhoncus.', '2023-06-01 04:45:45', 'Myranda', '2023-07-12 18:30:37', 'Miof mela');
insert into article (user_id, title, description, created_at, created_by, modified_at, modified_by) values ('uno2', 'Aenean sit amet justo.', 'Duis bibendum, felis sed interdum venenatis, turpis enim blandit mi, in porttitor pede justo eu massa. Donec dapibus. Duis at velit eu est congue elementum.', '2023-07-01 04:06:25', 'Pris', '2023-02-21 15:39:06', 'Stafford');
insert into article (user_id, title, description, created_at, created_by, modified_at, modified_by) values ('uno2', 'Etiam faucibus cursus urna.', 'Nam ultrices, libero non mattis pulvinar, nulla pede ullamcorper augue, a suscipit nulla elit ac nulla. Sed vel enim sit amet nunc viverra dapibus. Nulla suscipit ligula in lacus.', '2023-09-15 15:37:12', 'Traci', '2023-07-26 01:51:50', 'Mimi');
insert into article (user_id, title, description, created_at, created_by, modified_at, modified_by) values ('uno', 'In eleifend quam a odio.', 'Phasellus sit amet erat. Nulla tempus. Vivamus in felis eu sapien cursus vestibulum.', '2023-09-23 11:27:37', 'Georgena', '2023-05-05 21:01:13', 'Desi');
insert into article (user_id, title, description, created_at, created_by, modified_at, modified_by) values ('uno2', 'Donec ut dolor.', 'Cum sociis natoque penatibus et magnis dis parturient montes, nascetur ridiculus mus. Vivamus vestibulum sagittis sapien. Cum sociis natoque penatibus et magnis dis parturient montes, nascetur ridiculus mus.', '2023-01-18 04:24:55', 'Vale', '2023-04-09 05:26:46', 'Camile');
insert into article (user_id, title, description, created_at, created_by, modified_at, modified_by) values ('uno', 'Suspendisse potenti.', 'Pellentesque at nulla. Suspendisse potenti. Cras in purus eu magna vulputate luctus.', '2023-05-27 23:13:17', 'Leanna', '2023-08-15 10:32:06', 'Geoffry');
insert into article (user_id, title, description, created_at, created_by, modified_at, modified_by) values ('uno', 'Aenean sit amet justo.', 'Morbi non lectus. Aliquam sit amet diam in magna bibendum imperdiet. Nullam orci pede, venenatis non, sodales sed, tincidunt eu, felis.', '2023-04-14 12:24:50', 'Thomasine', '2023-04-16 03:15:47', 'Flint');
insert into article (user_id, title, description, created_at, created_by, modified_at, modified_by) values ('uno', 'Cras mi pede, malesuada in, imperdiet et, commodo vulputate, justo.', 'Sed sagittis. Nam congue, risus semper porta volutpat, quam pede lobortis ligula, sit amet eleifend pede libero quis orci. Nullam molestie nibh in lectus.', '2023-10-25 17:21:00', 'Patrizia', '2023-07-09 19:09:20', 'Bibby');
insert into article (user_id, title, description, created_at, created_by, modified_at, modified_by) values ('uno', 'Nulla ut erat id mauris vulputate elementum.', 'Quisque id justo sit amet sapien dignissim vestibulum. Vestibulum ante ipsum primis in faucibus orci luctus et ultrices posuere cubilia Curae; Nulla dapibus dolor vel est. Donec odio justo, sollicitudin ut, suscipit a, feugiat et, eros.', '2023-07-18 09:34:14', 'Melany', '2023-08-26 01:06:05', 'Theo');
insert into article (user_id, title, description, created_at, created_by, modified_at, modified_by) values ('uno2', 'Proin leo odio, porttitor id, consequat in, consequat ut, nulla.', 'Aliquam quis turpis eget elit sodales scelerisque. Mauris sit amet eros. Suspendisse accumsan tortor quis turpis.', '2023-01-21 06:48:49', 'Florentia', '2023-02-08 15:01:27', 'Brendis');
insert into article (user_id, title, description, created_at, created_by, modified_at, modified_by) values ('uno', 'Lorem ipsum dolor sit amet, consectetuer adipiscing elit.', 'Integer ac leo. Pellentesque ultrices mattis odio. Donec vitae nisi.', '2023-02-20 10:55:17', 'Marlie', '2023-05-18 10:19:01', 'Starr');
insert into article (user_id, title, description, created_at, created_by, modified_at, modified_by) values ('uno', 'Fusce congue, diam id ornare imperdiet, sapien urna pretium nisl, ut volutpat sapien arcu sed augue.', 'Nullam porttitor lacus at turpis. Donec posuere metus vitae ipsum. Aliquam non mauris.', '2023-03-05 23:45:08', 'Beryle', '2022-12-17 06:08:28', 'Niko');
insert into article (user_id, title, description, created_at, created_by, modified_at, modified_by) values ('uno', 'Ut tellus.', 'Fusce consequat. Nulla nisl. Nunc nisl.', '2023-11-12 15:08:57', 'Genna', '2023-03-25 05:48:42', 'Tomasina');
insert into article (user_id, title, description, created_at, created_by, modified_at, modified_by) values ('uno2', 'Proin at turpis a pede posuere nonummy.', 'Morbi porttitor lorem id ligula. Suspendisse ornare consequat lectus. In est risus, auctor sed, tristique in, tempus sit amet, sem.', '2023-03-02 20:23:19', 'Addy', '2023-01-18 10:40:31', 'Desmund');
insert into article (user_id, title, description, created_at, created_by, modified_at, modified_by) values ('uno', 'Etiam pretium iaculis justo.', 'In quis justo. Maecenas rhoncus aliquam lacus. Morbi quis tortor id nulla ultrices aliquet.', '2023-08-10 19:45:17', 'Ema', '2023-06-08 06:57:02', 'Lyn');
insert into article (user_id, title, description, created_at, created_by, modified_at, modified_by) values ('uno', 'Vestibulum ante ipsum primis in faucibus orci luctus et ultrices posuere cubilia Curae; Donec pharetra, magna vestibulum aliquet ultrices, erat tortor sollicitudin mi, sit amet lobortis sapien sapien non mi.', 'Sed ante. Vivamus tortor. Duis mattis egestas metus.', '2023-05-27 12:15:45', 'Patricia', '2023-05-12 01:02:10', 'Archaimbaud');
insert into article (user_id, title, description, created_at, created_by, modified_at, modified_by) values ('uno', 'Morbi a ipsum.', 'Curabitur at ipsum ac tellus semper interdum. Mauris ullamcorper purus sit amet nulla. Quisque arcu libero, rutrum ac, lobortis vel, dapibus at, diam.', '2023-07-17 04:45:24', 'Wandis', '2023-05-27 22:31:10', 'Jillian');
insert into article (user_id, title, description, created_at, created_by, modified_at, modified_by) values ('uno', 'Morbi porttitor lorem id ligula.', 'Aenean fermentum. Donec ut mauris eget massa tempor convallis. Nulla neque libero, convallis eget, eleifend luctus, ultricies eu, nibh.', '2023-07-20 17:35:59', 'Ottilie', '2023-08-25 11:38:02', 'Skelly');
insert into article (user_id, title, description, created_at, created_by, modified_at, modified_by) values ('uno2', 'Suspendisse accumsan tortor quis turpis.', 'Sed ante. Vivamus tortor. Duis mattis egestas metus.', '2023-07-28 02:47:03', 'Katrine', '2023-01-18 04:42:28', 'Noell');
insert into article (user_id, title, description, created_at, created_by, modified_at, modified_by) values ('uno', 'Praesent id massa id nisl venenatis lacinia.', 'Integer ac leo. Pellentesque ultrices mattis odio. Donec vitae nisi.', '2023-11-04 15:20:37', 'Eryn', '2023-06-22 00:18:38', 'Bernard');
insert into article (user_id, title, description, created_at, created_by, modified_at, modified_by) values ('uno2', 'In sagittis dui vel nisl.', 'Phasellus sit amet erat. Nulla tempus. Vivamus in felis eu sapien cursus vestibulum.', '2023-10-14 15:28:34', 'Hannie', '2023-09-08 17:01:34', 'Erna');
insert into article (user_id, title, description, created_at, created_by, modified_at, modified_by) values ('uno', 'Curabitur in libero ut massa volutpat convallis.', 'Duis bibendum. Morbi non quam nec dui luctus rutrum. Nulla tellus.', '2023-07-11 19:51:11', 'Fanni', '2022-12-25 12:01:03', 'Aretha');
insert into article (user_id, title, description, created_at, created_by, modified_at, modified_by) values ('uno2', 'Pellentesque viverra pede ac diam.', 'Curabitur in libero ut massa volutpat convallis. Morbi odio odio, elementum eu, interdum eu, tincidunt in, leo. Maecenas pulvinar lobortis est.', '2023-01-27 13:40:32', 'Drucill', '2022-12-27 22:44:52', 'Gard');
insert into article (user_id, title, description, created_at, created_by, modified_at, modified_by) values ('uno', 'Sed accumsan felis.', 'Morbi non lectus. Aliquam sit amet diam in magna bibendum imperdiet. Nullam orci pede, venenatis non, sodales sed, tincidunt eu, felis.', '2023-06-01 18:53:28', 'Angelique', '2023-11-07 07:04:33', 'Abbi');
insert into article (user_id, title, description, created_at, created_by, modified_at, modified_by) values ('uno', 'Maecenas pulvinar lobortis est.', 'In hac habitasse platea dictumst. Etiam faucibus cursus urna. Ut tellus.', '2023-07-26 17:47:36', 'Doroteya', '2023-03-19 20:00:58', 'Bastian');
insert into article (user_id, title, description, created_at, created_by, modified_at, modified_by) values ('uno2', 'Nam congue, risus semper porta volutpat, quam pede lobortis ligula, sit amet eleifend pede libero quis orci.', 'Quisque porta volutpat erat. Quisque erat eros, viverra eget, congue eget, semper rutrum, nulla. Nunc purus.', '2023-07-03 02:51:05', 'Ulrica', '2023-02-16 05:40:47', 'Alley');
insert into article (user_id, title, description, created_at, created_by, modified_at, modified_by) values ('uno', 'Curabitur at ipsum ac tellus semper interdum.', 'Nullam porttitor lacus at turpis. Donec posuere metus vitae ipsum. Aliquam non mauris.', '2023-02-01 20:42:50', 'Carmita', '2023-11-10 06:06:03', 'Carolan');
insert into article (user_id, title, description, created_at, created_by, modified_at, modified_by) values ('uno', 'Integer ac leo.', 'Nulla ut erat id mauris vulputate elementum. Nullam varius. Nulla facilisi.', '2023-05-10 11:09:04', 'Stace', '2023-07-13 00:29:13', 'Cornall');
insert into article (user_id, title, description, created_at, created_by, modified_at, modified_by) values ('uno', 'Quisque porta volutpat erat.', 'Pellentesque at nulla. Suspendisse potenti. Cras in purus eu magna vulputate luctus.', '2023-08-08 04:44:53', 'Queenie', '2023-08-08 17:49:29', 'Hestia');
insert into article (user_id, title, description, created_at, created_by, modified_at, modified_by) values ('uno2', 'Morbi non lectus.', 'Proin leo odio, porttitor id, consequat in, consequat ut, nulla. Sed accumsan felis. Ut at dolor quis odio consequat varius.', '2023-11-22 14:19:09', 'Shelba', '2023-05-13 21:22:22', 'Ginger');
insert into article (user_id, title, description, created_at, created_by, modified_at, modified_by) values ('uno', 'Proin at turpis a pede posuere nonummy.', 'Integer tincidunt ante vel ipsum. Praesent blandit lacinia erat. Vestibulum sed magna at nunc commodo placerat.', '2023-01-14 06:33:32', 'Dawna', '2023-09-16 15:36:54', 'Raimondo');
insert into article (user_id, title, description, created_at, created_by, modified_at, modified_by) values ('uno2', 'Nulla nisl.', 'Nullam porttitor lacus at turpis. Donec posuere metus vitae ipsum. Aliquam non mauris.', '2023-07-25 04:00:39', 'Bridgette', '2023-07-04 09:15:28', 'Zonnya');
insert into article (user_id, title, description, created_at, created_by, modified_at, modified_by) values ('uno', 'Etiam pretium iaculis justo.', 'Maecenas ut massa quis augue luctus tincidunt. Nulla mollis molestie lorem. Quisque ut erat.', '2023-04-28 06:58:39', 'Romona', '2023-04-09 15:04:15', 'Missy');
insert into article (user_id, title, description, created_at, created_by, modified_at, modified_by) values ('uno2', 'Suspendisse potenti.', 'Curabitur gravida nisi at nibh. In hac habitasse platea dictumst. Aliquam augue quam, sollicitudin vitae, consectetuer eget, rutrum at, lorem.', '2023-05-28 20:37:31', 'Dyane', '2023-10-14 22:09:50', 'Ruthanne');
insert into article (user_id, title, description, created_at, created_by, modified_at, modified_by) values ('uno2', 'Fusce congue, diam id ornare imperdiet, sapien urna pretium nisl, ut volutpat sapien arcu sed augue.', 'Maecenas leo odio, condimentum id, luctus nec, molestie sed, justo. Pellentesque viverra pede ac diam. Cras pellentesque volutpat dui.', '2023-05-20 09:39:01', 'Effie', '2022-12-26 00:50:55', 'Querida');

insert into article_comment (article_id, user_id, description, created_at, created_by, modified_at, modified_by) values (57, 'uno2', 'Aliquam quis turpis eget elit sodales scelerisque.', '2023-01-29 06:04:55', 'Chelsie', '2023-02-01 17:35:10', 'Erhart');
insert into article_comment (article_id, user_id, description, created_at, created_by, modified_at, modified_by) values (11, 'uno2', 'Morbi non lectus.', '2023-07-13 07:04:48', 'Erick', '2023-11-10 04:02:29', 'Darrin');
insert into article_comment (article_id, user_id, description, created_at, created_by, modified_at, modified_by) values (87, 'uno', 'Sed accumsan felis.', '2023-01-24 05:42:20', 'Kaycee', '2022-11-29 23:41:21', 'Alejoa');
insert into article_comment (article_id, user_id, description, created_at, created_by, modified_at, modified_by) values (80, 'uno2', 'Donec vitae nisi.', '2023-04-25 04:16:20', 'Arnaldo', '2023-08-16 19:50:10', 'Othilie');
insert into article_comment (article_id, user_id, description, created_at, created_by, modified_at, modified_by) values (73, 'uno2', 'Sed ante.', '2023-09-03 11:04:34', 'Roobbie', '2023-05-13 17:34:31', 'Marci');
insert into article_comment (article_id, user_id, description, created_at, created_by, modified_at, modified_by) values (62, 'uno', 'Suspendisse ornare consequat lectus.', '2023-09-12 20:31:06', 'Neal', '2023-06-07 05:02:53', 'Luis');
insert into article_comment (article_id, user_id, description, created_at, created_by, modified_at, modified_by) values (104, 'uno2', 'Duis at velit eu est congue elementum.', '2023-05-03 06:18:07', 'Tessie', '2022-12-27 05:26:40', 'Hester');
insert into article_comment (article_id, user_id, description, created_at, created_by, modified_at, modified_by) values (60, 'uno2', 'Vivamus tortor.', '2023-02-20 12:33:30', 'Ashbey', '2023-05-28 04:56:14', 'Debby');
insert into article_comment (article_id, user_id, description, created_at, created_by, modified_at, modified_by) values (2, 'uno2', 'Lorem ipsum dolor sit amet, consectetuer adipiscing elit.', '2023-07-08 11:09:07', 'Orazio', '2022-12-26 17:24:58', 'Bryn');
insert into article_comment (article_id, user_id, description, created_at, created_by, modified_at, modified_by) values (71, 'uno2', 'Quisque arcu libero, rutrum ac, lobortis vel, dapibus at, diam.', '2023-10-12 13:15:40', 'Edie', '2023-11-22 07:59:57', 'Jamal');
insert into article_comment (article_id, user_id, description, created_at, created_by, modified_at, modified_by) values (75, 'uno2', 'Mauris lacinia sapien quis libero.', '2023-06-23 20:48:59', 'Emanuele', '2023-02-23 03:28:10', 'Shell');
insert into article_comment (article_id, user_id, description, created_at, created_by, modified_at, modified_by) values (29, 'uno2', 'Mauris enim leo, rhoncus sed, vestibulum sit amet, cursus id, turpis.', '2023-08-21 00:51:32', 'Marcel', '2023-03-25 06:23:57', 'Virgie');
insert into article_comment (article_id, user_id, description, created_at, created_by, modified_at, modified_by) values (10, 'uno2', 'Nam nulla.', '2023-09-05 05:57:15', 'Cathryn', '2022-12-17 22:03:43', 'Sasha');
insert into article_comment (article_id, user_id, description, created_at, created_by, modified_at, modified_by) values (82, 'uno', 'Proin risus.', '2023-04-05 06:21:37', 'Mattias', '2023-05-02 07:54:01', 'Zack');
insert into article_comment (article_id, user_id, description, created_at, created_by, modified_at, modified_by) values (46, 'uno2', 'Duis at velit eu est congue elementum.', '2022-12-18 07:01:31', 'Fianna', '2023-06-29 17:20:49', 'Else');
insert into article_comment (article_id, user_id, description, created_at, created_by, modified_at, modified_by) values (83, 'uno', 'Mauris ullamcorper purus sit amet nulla.', '2023-05-15 05:07:28', 'Farra', '2023-03-21 22:36:18', 'Bev');
insert into article_comment (article_id, user_id, description, created_at, created_by, modified_at, modified_by) values (16, 'uno2', 'Maecenas ut massa quis augue luctus tincidunt.', '2023-08-22 10:27:34', 'Rupert', '2023-10-28 07:49:47', 'Vernor');
insert into article_comment (article_id, user_id, description, created_at, created_by, modified_at, modified_by) values (8, 'uno2', 'Nulla tellus.', '2023-01-30 00:19:54', 'Dalenna', '2023-05-09 13:19:36', 'Wilone');
insert into article_comment (article_id, user_id, description, created_at, created_by, modified_at, modified_by) values (53, 'uno2', 'Aliquam non mauris.', '2022-12-05 16:00:21', 'Livvie', '2023-06-06 17:10:58', 'Northrop');
insert into article_comment (article_id, user_id, description, created_at, created_by, modified_at, modified_by) values (39, 'uno2', 'Vestibulum ante ipsum primis in faucibus orci luctus et ultrices posuere cubilia Curae; Nulla dapibus dolor vel est.', '2023-07-13 18:46:26', 'Mitchell', '2023-06-14 10:53:51', 'Susi');
insert into article_comment (article_id, user_id, description, created_at, created_by, modified_at, modified_by) values (89, 'uno2', 'Proin risus.', '2023-01-01 20:21:16', 'Mayer', '2023-11-22 04:17:53', 'Bondon');
insert into article_comment (article_id, user_id, description, created_at, created_by, modified_at, modified_by) values (49, 'uno', 'Cras mi pede, malesuada in, imperdiet et, commodo vulputate, justo.', '2023-08-27 12:13:34', 'Lelah', '2023-03-10 11:08:12', 'Minnaminnie');
insert into article_comment (article_id, user_id, description, created_at, created_by, modified_at, modified_by) values (67, 'uno2', 'Lorem ipsum dolor sit amet, consectetuer adipiscing elit.', '2023-09-21 04:17:39', 'Buckie', '2023-11-09 18:19:21', 'Rodolfo');
insert into article_comment (article_id, user_id, description, created_at, created_by, modified_at, modified_by) values (62, 'uno', 'Phasellus in felis.', '2023-07-07 11:02:52', 'Ingrid', '2023-05-30 15:11:11', 'Amanda');
insert into article_comment (article_id, user_id, description, created_at, created_by, modified_at, modified_by) values (5, 'uno2', 'Duis ac nibh.', '2023-01-05 12:48:13', 'Dorine', '2023-03-15 13:03:32', 'Crosby');
insert into article_comment (article_id, user_id, description, created_at, created_by, modified_at, modified_by) values (62, 'uno2', 'Curabitur convallis.', '2023-02-14 04:49:29', 'Marty', '2023-02-15 16:27:02', 'Marena');
insert into article_comment (article_id, user_id, description, created_at, created_by, modified_at, modified_by) values (96, 'uno', 'Proin risus.', '2023-02-17 17:39:26', 'Misti', '2023-08-02 19:30:21', 'Kennett');
insert into article_comment (article_id, user_id, description, created_at, created_by, modified_at, modified_by) values (1, 'uno', 'Nunc purus.', '2023-10-19 18:01:16', 'Keri', '2023-07-10 23:26:27', 'Dael');
insert into article_comment (article_id, user_id, description, created_at, created_by, modified_at, modified_by) values (94, 'uno2', 'Integer non velit.', '2022-11-29 23:00:00', 'Pearle', '2022-12-20 20:13:48', 'Candida');
insert into article_comment (article_id, user_id, description, created_at, created_by, modified_at, modified_by) values (22, 'uno', 'Vivamus vel nulla eget eros elementum pellentesque.', '2023-10-31 07:42:19', 'Thor', '2023-08-16 06:20:59', 'Zeb');
insert into article_comment (article_id, user_id, description, created_at, created_by, modified_at, modified_by) values (44, 'uno', 'Nullam varius.', '2023-05-16 19:07:23', 'Celestia', '2023-10-13 16:00:42', 'Kitti');
insert into article_comment (article_id, user_id, description, created_at, created_by, modified_at, modified_by) values (93, 'uno2', 'Quisque erat eros, viverra eget, congue eget, semper rutrum, nulla.', '2023-08-29 19:08:14', 'Raddy', '2023-09-30 14:55:33', 'Nils');
insert into article_comment (article_id, user_id, description, created_at, created_by, modified_at, modified_by) values (106, 'uno2', 'Proin risus.', '2023-08-24 10:31:08', 'Hannis', '2022-12-15 19:37:51', 'Cathrine');
insert into article_comment (article_id, user_id, description, created_at, created_by, modified_at, modified_by) values (18, 'uno', 'Duis aliquam convallis nunc.', '2023-07-16 23:31:32', 'Jillana', '2023-03-27 04:37:20', 'Gerta');
insert into article_comment (article_id, user_id, description, created_at, created_by, modified_at, modified_by) values (60, 'uno2', 'Proin at turpis a pede posuere nonummy.', '2023-09-04 09:54:56', 'Brittaney', '2023-10-29 05:28:27', 'Galen');
insert into article_comment (article_id, user_id, description, created_at, created_by, modified_at, modified_by) values (77, 'uno', 'Nullam porttitor lacus at turpis.', '2023-10-17 07:43:12', 'Clotilda', '2023-11-23 11:51:58', 'Frants');
insert into article_comment (article_id, user_id, description, created_at, created_by, modified_at, modified_by) values (52, 'uno', 'Donec posuere metus vitae ipsum.', '2023-06-10 06:02:38', 'Muhammad', '2023-03-18 11:13:34', 'Charil');
insert into article_comment (article_id, user_id, description, created_at, created_by, modified_at, modified_by) values (9, 'uno2', 'Fusce posuere felis sed lacus.', '2023-11-19 20:07:21', 'Kit', '2023-01-30 20:35:36', 'Erick');
insert into article_comment (article_id, user_id, description, created_at, created_by, modified_at, modified_by) values (46, 'uno2', 'Aliquam sit amet diam in magna bibendum imperdiet.', '2023-06-07 17:52:02', 'Trace', '2023-01-28 19:45:42', 'Sukey');
insert into article_comment (article_id, user_id, description, created_at, created_by, modified_at, modified_by) values (6, 'uno2', 'Morbi odio odio, elementum eu, interdum eu, tincidunt in, leo.', '2023-01-18 10:39:47', 'Job', '2022-12-29 03:37:19', 'Deina');
insert into article_comment (article_id, user_id, description, created_at, created_by, modified_at, modified_by) values (69, 'uno2', 'Nulla ac enim.', '2023-07-13 18:42:17', 'Dillon', '2023-11-07 17:16:11', 'Emelen');
insert into article_comment (article_id, user_id, description, created_at, created_by, modified_at, modified_by) values (95, 'uno2', 'Aliquam augue quam, sollicitudin vitae, consectetuer eget, rutrum at, lorem.', '2023-01-07 08:18:37', 'Cherida', '2023-11-20 16:25:13', 'Matias');
insert into article_comment (article_id, user_id, description, created_at, created_by, modified_at, modified_by) values (66, 'uno2', 'Donec ut dolor.', '2023-02-20 16:11:39', 'Fergus', '2023-09-26 01:00:40', 'Tobye');
insert into article_comment (article_id, user_id, description, created_at, created_by, modified_at, modified_by) values (82, 'uno', 'Lorem ipsum dolor sit amet, consectetuer adipiscing elit.', '2023-01-14 17:47:54', 'Mozes', '2023-01-11 09:22:12', 'Brett');
insert into article_comment (article_id, user_id, description, created_at, created_by, modified_at, modified_by) values (8, 'uno2', 'In eleifend quam a odio.', '2023-04-16 02:39:41', 'Levon', '2023-11-12 00:58:00', 'Olympie');
insert into article_comment (article_id, user_id, description, created_at, created_by, modified_at, modified_by) values (80, 'uno', 'In hac habitasse platea dictumst.', '2023-09-15 09:24:31', 'Ernaline', '2023-03-10 13:13:12', 'Bernardina');
insert into article_comment (article_id, user_id, description, created_at, created_by, modified_at, modified_by) values (24, 'uno2', 'Praesent lectus.', '2023-10-11 07:46:30', 'Shannan', '2023-06-16 02:04:51', 'Dewain');
insert into article_comment (article_id, user_id, description, created_at, created_by, modified_at, modified_by) values (79, 'uno2', 'Sed vel enim sit amet nunc viverra dapibus.', '2023-01-12 10:37:32', 'Nye', '2023-07-23 01:35:53', 'Sigmund');
insert into article_comment (article_id, user_id, description, created_at, created_by, modified_at, modified_by) values (50, 'uno', 'Fusce posuere felis sed lacus.', '2023-06-07 05:38:43', 'Mikol', '2023-10-21 10:10:00', 'Coleen');
insert into article_comment (article_id, user_id, description, created_at, created_by, modified_at, modified_by) values (61, 'uno', 'Vestibulum rutrum rutrum neque.', '2022-12-15 04:51:04', 'Sybil', '2023-11-08 12:25:14', 'Caty');
insert into article_comment (article_id, user_id, description, created_at, created_by, modified_at, modified_by) values (64, 'uno', 'Vestibulum sed magna at nunc commodo placerat.', '2023-07-04 21:46:21', 'Pansie', '2023-07-22 23:03:56', 'Torey');
insert into article_comment (article_id, user_id, description, created_at, created_by, modified_at, modified_by) values (26, 'uno', 'Morbi quis tortor id nulla ultrices aliquet.', '2022-11-28 11:09:48', 'Franky', '2022-12-16 22:47:12', 'Patrizius');
insert into article_comment (article_id, user_id, description, created_at, created_by, modified_at, modified_by) values (21, 'uno2', 'Nullam molestie nibh in lectus.', '2022-12-21 01:13:01', 'Jacki', '2023-08-07 06:36:17', 'Estelle');
insert into article_comment (article_id, user_id, description, created_at, created_by, modified_at, modified_by) values (75, 'uno', 'Donec semper sapien a libero.', '2023-08-26 04:43:21', 'Morey', '2023-08-17 07:24:02', 'Odette');
insert into article_comment (article_id, user_id, description, created_at, created_by, modified_at, modified_by) values (120, 'uno', 'Morbi ut odio.', '2023-08-29 10:04:30', 'Lou', '2023-06-07 01:29:25', 'Candy');
insert into article_comment (article_id, user_id, description, created_at, created_by, modified_at, modified_by) values (33, 'uno2', 'Nullam orci pede, venenatis non, sodales sed, tincidunt eu, felis.', '2023-11-11 21:44:32', 'Ina', '2023-05-04 06:21:09', 'Albertine');
insert into article_comment (article_id, user_id, description, created_at, created_by, modified_at, modified_by) values (89, 'uno2', 'Maecenas pulvinar lobortis est.', '2023-10-23 04:07:56', 'Maxwell', '2023-09-16 02:54:40', 'Kahaleel');
insert into article_comment (article_id, user_id, description, created_at, created_by, modified_at, modified_by) values (52, 'uno2', 'Nulla facilisi.', '2023-01-27 06:23:05', 'Ardis', '2023-10-22 09:07:25', 'Annnora');
insert into article_comment (article_id, user_id, description, created_at, created_by, modified_at, modified_by) values (20, 'uno', 'Mauris enim leo, rhoncus sed, vestibulum sit amet, cursus id, turpis.', '2023-09-17 02:44:50', 'Hoebart', '2023-10-16 23:03:07', 'Orson');
insert into article_comment (article_id, user_id, description, created_at, created_by, modified_at, modified_by) values (76, 'uno', 'Etiam vel augue.', '2023-09-21 03:16:48', 'Giustino', '2023-09-18 14:57:49', 'Bernadina');
insert into article_comment (article_id, user_id, description, created_at, created_by, modified_at, modified_by) values (104, 'uno2', 'Nulla ac enim.', '2022-11-30 16:52:27', 'Cheston', '2023-09-26 04:21:35', 'Selia');
insert into article_comment (article_id, user_id, description, created_at, created_by, modified_at, modified_by) values (100, 'uno', 'Fusce posuere felis sed lacus.', '2022-12-31 19:05:33', 'Dennie', '2023-02-19 08:33:18', 'Ruthanne');
insert into article_comment (article_id, user_id, description, created_at, created_by, modified_at, modified_by) values (68, 'uno', 'Proin risus.', '2023-06-06 11:19:05', 'Fredek', '2023-06-17 04:42:20', 'Irwin');
insert into article_comment (article_id, user_id, description, created_at, created_by, modified_at, modified_by) values (82, 'uno', 'Nam dui.', '2023-08-25 13:18:16', 'Monro', '2023-05-22 09:21:40', 'Florette');
insert into article_comment (article_id, user_id, description, created_at, created_by, modified_at, modified_by) values (119, 'uno2', 'Mauris enim leo, rhoncus sed, vestibulum sit amet, cursus id, turpis.', '2022-12-28 17:49:53', 'Tully', '2023-06-26 05:25:13', 'Sander');
insert into article_comment (article_id, user_id, description, created_at, created_by, modified_at, modified_by) values (76, 'uno2', 'Fusce congue, diam id ornare imperdiet, sapien urna pretium nisl, ut volutpat sapien arcu sed augue.', '2023-05-01 00:16:20', 'Darryl', '2023-08-26 01:30:28', 'Nona');
insert into article_comment (article_id, user_id, description, created_at, created_by, modified_at, modified_by) values (105, 'uno', 'Duis consequat dui nec nisi volutpat eleifend.', '2023-11-20 22:23:49', 'Zeb', '2023-04-04 18:28:19', 'Deena');
insert into article_comment (article_id, user_id, description, created_at, created_by, modified_at, modified_by) values (71, 'uno2', 'Mauris sit amet eros.', '2023-09-15 07:19:50', 'Bev', '2022-12-13 12:20:41', 'Elisabeth');
insert into article_comment (article_id, user_id, description, created_at, created_by, modified_at, modified_by) values (68, 'uno', 'Nulla nisl.', '2023-03-16 20:42:26', 'Koenraad', '2022-12-18 19:06:31', 'Adham');
insert into article_comment (article_id, user_id, description, created_at, created_by, modified_at, modified_by) values (97, 'uno2', 'Sed vel enim sit amet nunc viverra dapibus.', '2023-03-19 21:24:56', 'Peg', '2023-03-08 07:42:45', 'Chandra');
insert into article_comment (article_id, user_id, description, created_at, created_by, modified_at, modified_by) values (22, 'uno', 'Maecenas ut massa quis augue luctus tincidunt.', '2023-08-19 22:28:27', 'Ronny', '2023-01-30 06:34:34', 'Dix');
insert into article_comment (article_id, user_id, description, created_at, created_by, modified_at, modified_by) values (21, 'uno2', 'Maecenas tristique, est et tempus semper, est quam pharetra magna, ac consequat metus sapien ut nunc.', '2023-08-13 23:01:51', 'Lilla', '2023-01-19 01:07:23', 'Jackie');
insert into article_comment (article_id, user_id, description, created_at, created_by, modified_at, modified_by) values (33, 'uno', 'Quisque id justo sit amet sapien dignissim vestibulum.', '2023-07-24 18:11:21', 'Paul', '2023-03-09 00:39:18', 'Juanita');
insert into article_comment (article_id, user_id, description, created_at, created_by, modified_at, modified_by) values (80, 'uno2', 'Quisque id justo sit amet sapien dignissim vestibulum.', '2023-07-17 13:44:56', 'Pete', '2023-09-19 21:39:30', 'Ryley');
insert into article_comment (article_id, user_id, description, created_at, created_by, modified_at, modified_by) values (99, 'uno', 'Vestibulum ante ipsum primis in faucibus orci luctus et ultrices posuere cubilia Curae; Donec pharetra, magna vestibulum aliquet ultrices, erat tortor sollicitudin mi, sit amet lobortis sapien sapien non mi.', '2023-08-03 12:35:24', 'Pandora', '2023-08-21 09:35:21', 'Christye');
insert into article_comment (article_id, user_id, description, created_at, created_by, modified_at, modified_by) values (13, 'uno2', 'Pellentesque eget nunc.', '2023-08-02 14:11:38', 'Junette', '2023-02-03 12:21:21', 'Joseito');
insert into article_comment (article_id, user_id, description, created_at, created_by, modified_at, modified_by) values (87, 'uno', 'Morbi vel lectus in quam fringilla rhoncus.', '2023-03-16 16:49:47', 'Eldredge', '2023-09-25 18:53:27', 'Chrisy');
insert into article_comment (article_id, user_id, description, created_at, created_by, modified_at, modified_by) values (91, 'uno', 'In sagittis dui vel nisl.', '2023-02-20 21:07:49', 'Ricki', '2023-10-14 12:40:30', 'Zedekiah');
insert into article_comment (article_id, user_id, description, created_at, created_by, modified_at, modified_by) values (19, 'uno', 'Nulla justo.', '2022-12-16 21:10:00', 'Michelle', '2023-04-23 19:23:14', 'Vince');
insert into article_comment (article_id, user_id, description, created_at, created_by, modified_at, modified_by) values (11, 'uno', 'Aliquam erat volutpat.', '2023-04-18 03:19:43', 'Jammie', '2023-05-20 17:31:39', 'Wes');
insert into article_comment (article_id, user_id, description, created_at, created_by, modified_at, modified_by) values (115, 'uno2', 'Curabitur at ipsum ac tellus semper interdum.', '2023-01-21 14:10:16', 'Delbert', '2023-10-20 08:41:17', 'Kenton');
insert into article_comment (article_id, user_id, description, created_at, created_by, modified_at, modified_by) values (79, 'uno', 'Cum sociis natoque penatibus et magnis dis parturient montes, nascetur ridiculus mus.', '2023-09-18 08:13:24', 'Dante', '2023-08-09 13:00:25', 'Auguste');
insert into article_comment (article_id, user_id, description, created_at, created_by, modified_at, modified_by) values (117, 'uno2', 'Duis consequat dui nec nisi volutpat eleifend.', '2023-09-08 19:53:23', 'Sawyere', '2023-09-19 20:26:30', 'Maurits');
insert into article_comment (article_id, user_id, description, created_at, created_by, modified_at, modified_by) values (32, 'uno2', 'In hac habitasse platea dictumst.', '2023-03-30 22:20:24', 'Giustina', '2023-01-27 14:29:21', 'Ethe');
insert into article_comment (article_id, user_id, description, created_at, created_by, modified_at, modified_by) values (63, 'uno', 'Aenean lectus.', '2022-12-24 11:06:28', 'Bartholemy', '2023-11-11 22:36:18', 'Hadlee');
insert into article_comment (article_id, user_id, description, created_at, created_by, modified_at, modified_by) values (120, 'uno2', 'Maecenas leo odio, condimentum id, luctus nec, molestie sed, justo.', '2022-12-31 01:17:16', 'Alanna', '2023-07-06 03:34:55', 'Stinky');
insert into article_comment (article_id, user_id, description, created_at, created_by, modified_at, modified_by) values (21, 'uno', 'Nam nulla.', '2023-09-29 05:47:00', 'Nicholle', '2023-11-05 02:21:05', 'Lilas');
insert into article_comment (article_id, user_id, description, created_at, created_by, modified_at, modified_by) values (43, 'uno', 'Donec odio justo, sollicitudin ut, suscipit a, feugiat et, eros.', '2023-10-28 21:42:02', 'Malvina', '2023-02-14 00:31:43', 'Corinna');
insert into article_comment (article_id, user_id, description, created_at, created_by, modified_at, modified_by) values (68, 'uno2', 'Vestibulum ante ipsum primis in faucibus orci luctus et ultrices posuere cubilia Curae; Duis faucibus accumsan odio.', '2023-08-05 15:41:58', 'Siobhan', '2023-08-27 03:30:17', 'Bee');
insert into article_comment (article_id, user_id, description, created_at, created_by, modified_at, modified_by) values (79, 'uno', 'Donec diam neque, vestibulum eget, vulputate ut, ultrices vel, augue.', '2022-12-18 22:03:44', 'Collen', '2023-01-03 18:01:14', 'Alfy');
insert into article_comment (article_id, user_id, description, created_at, created_by, modified_at, modified_by) values (14, 'uno2', 'Nulla mollis molestie lorem.', '2023-06-04 15:52:02', 'Mikaela', '2023-08-18 19:02:12', 'Sascha');
insert into article_comment (article_id, user_id, description, created_at, created_by, modified_at, modified_by) values (99, 'uno', 'Etiam pretium iaculis justo.', '2023-06-09 05:46:19', 'Karalynn', '2023-04-12 10:40:13', 'Lynnette');
insert into article_comment (article_id, user_id, description, created_at, created_by, modified_at, modified_by) values (63, 'uno2', 'In est risus, auctor sed, tristique in, tempus sit amet, sem.', '2023-02-06 08:16:03', 'Nicholle', '2023-11-21 20:39:04', 'Lonnie');
insert into article_comment (article_id, user_id, description, created_at, created_by, modified_at, modified_by) values (100, 'uno', 'Praesent lectus.', '2023-01-04 06:26:35', 'Sib', '2023-02-04 05:07:34', 'Leslie');
insert into article_comment (article_id, user_id, description, created_at, created_by, modified_at, modified_by) values (13, 'uno2', 'Pellentesque ultrices mattis odio.', '2023-01-06 09:01:30', 'Kristo', '2023-03-06 06:57:18', 'Heddi');
insert into article_comment (article_id, user_id, description, created_at, created_by, modified_at, modified_by) values (3, 'uno2', 'Nulla ac enim.', '2023-10-17 22:46:33', 'Nerti', '2023-04-14 16:56:22', 'Joana');
insert into article_comment (article_id, user_id, description, created_at, created_by, modified_at, modified_by) values (35, 'uno2', 'Maecenas pulvinar lobortis est.', '2023-10-13 14:50:21', 'Ignacio', '2023-02-21 16:46:13', 'Merrie');
insert into article_comment (article_id, user_id, description, created_at, created_by, modified_at, modified_by) values (49, 'uno', 'Nam nulla.', '2023-04-18 06:22:21', 'Charissa', '2023-02-25 01:11:56', 'Grata');
insert into article_comment (article_id, user_id, description, created_at, created_by, modified_at, modified_by) values (16, 'uno', 'Phasellus sit amet erat.', '2023-06-13 11:42:22', 'Bethina', '2023-02-11 16:01:15', 'Jenilee');
insert into article_comment (article_id, user_id, description, created_at, created_by, modified_at, modified_by) values (117, 'uno2', 'Nulla nisl.', '2023-11-08 06:55:56', 'Dorelle', '2023-05-01 22:24:25', 'Vassily');
insert into article_comment (article_id, user_id, description, created_at, created_by, modified_at, modified_by) values (17, 'uno', 'Donec diam neque, vestibulum eget, vulputate ut, ultrices vel, augue.', '2023-05-06 23:58:30', 'Melba', '2023-03-26 01:23:22', 'Jacquelin');
insert into article_comment (article_id, user_id, description, created_at, created_by, modified_at, modified_by) values (59, 'uno', 'Integer non velit.', '2023-06-07 12:11:35', 'Mohandis', '2023-04-12 20:51:17', 'Gui');
insert into article_comment (article_id, user_id, description, created_at, created_by, modified_at, modified_by) values (14, 'uno', 'Nam ultrices, libero non mattis pulvinar, nulla pede ullamcorper augue, a suscipit nulla elit ac nulla.', '2023-07-03 03:16:57', 'Theadora', '2022-12-22 01:58:04', 'Papageno');
insert into article_comment (article_id, user_id, description, created_at, created_by, modified_at, modified_by) values (107, 'uno2', 'Aenean sit amet justo.', '2023-05-01 21:18:45', 'Tod', '2023-06-25 10:00:52', 'Dyanne');
insert into article_comment (article_id, user_id, description, created_at, created_by, modified_at, modified_by) values (76, 'uno', 'Cras pellentesque volutpat dui.', '2023-08-05 03:43:26', 'Gladi', '2023-08-26 03:05:41', 'Niles');
insert into article_comment (article_id, user_id, description, created_at, created_by, modified_at, modified_by) values (49, 'uno', 'Etiam justo.', '2022-12-14 19:22:38', 'Janis', '2022-12-23 20:46:12', 'Catherine');
insert into article_comment (article_id, user_id, description, created_at, created_by, modified_at, modified_by) values (111, 'uno', 'Nulla ut erat id mauris vulputate elementum.', '2023-06-07 12:00:58', 'Deanne', '2022-11-29 06:32:13', 'Ole');
insert into article_comment (article_id, user_id, description, created_at, created_by, modified_at, modified_by) values (30, 'uno2', 'Morbi sem mauris, laoreet ut, rhoncus aliquet, pulvinar sed, nisl.', '2023-02-19 03:31:33', 'Meridel', '2023-02-25 21:17:13', 'Adorne');
insert into article_comment (article_id, user_id, description, created_at, created_by, modified_at, modified_by) values (62, 'uno', 'Nulla suscipit ligula in lacus.', '2023-01-04 21:08:49', 'Sayre', '2022-12-01 06:05:31', 'Cheslie');
insert into article_comment (article_id, user_id, description, created_at, created_by, modified_at, modified_by) values (51, 'uno', 'Fusce posuere felis sed lacus.', '2023-05-30 05:53:52', 'Uri', '2023-01-27 16:47:13', 'Bernetta');
insert into article_comment (article_id, user_id, description, created_at, created_by, modified_at, modified_by) values (100, 'uno2', 'Vestibulum quam sapien, varius ut, blandit non, interdum in, ante.', '2023-09-25 16:52:25', 'Herschel', '2023-09-03 20:16:37', 'Cully');
insert into article_comment (article_id, user_id, description, created_at, created_by, modified_at, modified_by) values (5, 'uno2', 'Phasellus id sapien in sapien iaculis congue.', '2023-11-14 20:13:21', 'Eziechiele', '2023-03-10 00:40:50', 'Clementius');
insert into article_comment (article_id, user_id, description, created_at, created_by, modified_at, modified_by) values (49, 'uno', 'Cum sociis natoque penatibus et magnis dis parturient montes, nascetur ridiculus mus.', '2023-06-10 01:00:18', 'Kevin', '2023-01-25 06:44:51', 'Chrisy');
insert into article_comment (article_id, user_id, description, created_at, created_by, modified_at, modified_by) values (8, 'uno', 'Aenean auctor gravida sem.', '2023-08-06 13:42:40', 'Raphaela', '2023-11-09 18:07:20', 'Barney');
insert into article_comment (article_id, user_id, description, created_at, created_by, modified_at, modified_by) values (50, 'uno', 'Vestibulum rutrum rutrum neque.', '2023-08-26 11:12:16', 'Doralia', '2023-10-26 19:58:37', 'Berry');
insert into article_comment (article_id, user_id, description, created_at, created_by, modified_at, modified_by) values (33, 'uno', 'Donec odio justo, sollicitudin ut, suscipit a, feugiat et, eros.', '2023-08-01 08:34:16', 'Yard', '2023-09-14 06:31:05', 'Brigitta');
insert into article_comment (article_id, user_id, description, created_at, created_by, modified_at, modified_by) values (96, 'uno', 'Nulla neque libero, convallis eget, eleifend luctus, ultricies eu, nibh.', '2023-01-09 00:31:36', 'Ailis', '2023-01-07 11:54:39', 'Federico');
insert into article_comment (article_id, user_id, description, created_at, created_by, modified_at, modified_by) values (116, 'uno', 'Cum sociis natoque penatibus et magnis dis parturient montes, nascetur ridiculus mus.', '2023-07-09 00:16:52', 'Burnaby', '2023-09-25 02:44:42', 'Aubrie');
insert into article_comment (article_id, user_id, description, created_at, created_by, modified_at, modified_by) values (77, 'uno2', 'Ut tellus.', '2023-06-08 21:21:49', 'Rory', '2023-06-12 07:38:51', 'Adams');
insert into article_comment (article_id, user_id, description, created_at, created_by, modified_at, modified_by) values (113, 'uno', 'Fusce consequat.', '2023-08-08 17:33:25', 'Sheree', '2023-06-25 03:42:50', 'Faydra');
insert into article_comment (article_id, user_id, description, created_at, created_by, modified_at, modified_by) values (106, 'uno2', 'Phasellus sit amet erat.', '2023-08-13 13:04:40', 'Lianna', '2023-06-29 20:42:11', 'Elwood');
insert into article_comment (article_id, user_id, description, created_at, created_by, modified_at, modified_by) values (49, 'uno2', 'Vestibulum quam sapien, varius ut, blandit non, interdum in, ante.', '2023-09-04 07:34:24', 'Carroll', '2023-09-16 20:48:11', 'Lucinda');
insert into article_comment (article_id, user_id, description, created_at, created_by, modified_at, modified_by) values (14, 'uno2', 'Phasellus id sapien in sapien iaculis congue.', '2023-03-31 01:57:40', 'Etta', '2023-11-07 04:53:14', 'Alphonse');
insert into article_comment (article_id, user_id, description, created_at, created_by, modified_at, modified_by) values (123, 'uno', 'Sed vel enim sit amet nunc viverra dapibus.', '2023-02-03 21:20:08', 'Rebe', '2023-06-15 17:43:11', 'Claudio');
insert into article_comment (article_id, user_id, description, created_at, created_by, modified_at, modified_by) values (76, 'uno', 'Morbi quis tortor id nulla ultrices aliquet.', '2023-01-02 02:06:25', 'Charil', '2023-07-14 11:35:20', 'Bennett');
insert into article_comment (article_id, user_id, description, created_at, created_by, modified_at, modified_by) values (16, 'uno2', 'Proin leo odio, porttitor id, consequat in, consequat ut, nulla.', '2022-12-05 22:34:25', 'Hyman', '2023-02-04 14:13:40', 'Austina');
insert into article_comment (article_id, user_id, description, created_at, created_by, modified_at, modified_by) values (23, 'uno', 'Integer ac leo.', '2023-10-03 12:37:36', 'Gil', '2023-10-29 23:02:22', 'Sydelle');
insert into article_comment (article_id, user_id, description, created_at, created_by, modified_at, modified_by) values (90, 'uno', 'Curabitur convallis.', '2023-05-13 08:22:15', 'Alyse', '2023-06-16 10:04:13', 'Eadie');
insert into article_comment (article_id, user_id, description, created_at, created_by, modified_at, modified_by) values (76, 'uno2', 'Nulla tempus.', '2023-10-18 15:28:52', 'Micheline', '2023-08-15 07:44:16', 'Joella');
insert into article_comment (article_id, user_id, description, created_at, created_by, modified_at, modified_by) values (122, 'uno2', 'Mauris ullamcorper purus sit amet nulla.', '2023-11-24 14:56:28', 'Fiona', '2023-03-02 21:52:57', 'Wendi');
insert into article_comment (article_id, user_id, description, created_at, created_by, modified_at, modified_by) values (110, 'uno', 'Quisque ut erat.', '2022-12-11 06:46:29', 'Conant', '2023-10-18 04:20:09', 'April');
insert into article_comment (article_id, user_id, description, created_at, created_by, modified_at, modified_by) values (90, 'uno', 'Curabitur convallis.', '2023-07-05 04:07:27', 'Caren', '2023-09-05 08:45:46', 'Tedra');
insert into article_comment (article_id, user_id, description, created_at, created_by, modified_at, modified_by) values (27, 'uno', 'Pellentesque eget nunc.', '2023-05-29 02:50:35', 'Elita', '2023-09-21 05:05:20', 'Sara');
insert into article_comment (article_id, user_id, description, created_at, created_by, modified_at, modified_by) values (122, 'uno', 'Maecenas pulvinar lobortis est.', '2022-12-23 16:56:00', 'Alix', '2023-06-14 13:33:50', 'Devina');
insert into article_comment (article_id, user_id, description, created_at, created_by, modified_at, modified_by) values (123, 'uno', 'Maecenas pulvinar lobortis est.', '2023-07-05 17:19:15', 'Anette', '2023-04-25 11:33:57', 'Ravi');
insert into article_comment (article_id, user_id, description, created_at, created_by, modified_at, modified_by) values (122, 'uno2', 'Nulla tellus.', '2023-08-19 22:43:35', 'Rodrigo', '2023-03-22 07:50:08', 'Tonia');
insert into article_comment (article_id, user_id, description, created_at, created_by, modified_at, modified_by) values (61, 'uno', 'Morbi a ipsum.', '2023-01-30 00:27:23', 'Lennard', '2023-05-30 20:26:24', 'Miles');
insert into article_comment (article_id, user_id, description, created_at, created_by, modified_at, modified_by) values (48, 'uno', 'Praesent blandit.', '2023-03-20 10:08:43', 'Nettle', '2023-06-30 01:59:40', 'Isak');
insert into article_comment (article_id, user_id, description, created_at, created_by, modified_at, modified_by) values (99, 'uno', 'Pellentesque at nulla.', '2023-05-30 02:29:29', 'Katherina', '2023-10-04 13:15:52', 'Emlyn');
insert into article_comment (article_id, user_id, description, created_at, created_by, modified_at, modified_by) values (66, 'uno2', 'In hac habitasse platea dictumst.', '2023-04-11 10:16:39', 'Hinda', '2023-07-22 09:22:11', 'Eleanor');
insert into article_comment (article_id, user_id, description, created_at, created_by, modified_at, modified_by) values (66, 'uno2', 'Proin at turpis a pede posuere nonummy.', '2023-01-15 17:39:17', 'Gavan', '2023-06-29 02:40:42', 'Seumas');
insert into article_comment (article_id, user_id, description, created_at, created_by, modified_at, modified_by) values (37, 'uno2', 'Cum sociis natoque penatibus et magnis dis parturient montes, nascetur ridiculus mus.', '2023-04-10 12:45:17', 'Kitti', '2023-07-13 01:22:53', 'Granthem');
insert into article_comment (article_id, user_id, description, created_at, created_by, modified_at, modified_by) values (106, 'uno2', 'Pellentesque eget nunc.', '2023-05-03 16:30:31', 'Lazar', '2023-01-01 20:13:21', 'Mayer');
insert into article_comment (article_id, user_id, description, created_at, created_by, modified_at, modified_by) values (104, 'uno2', 'Proin at turpis a pede posuere nonummy.', '2023-07-03 01:43:09', 'Jamey', '2023-08-28 17:12:58', 'Amandi');
insert into article_comment (article_id, user_id, description, created_at, created_by, modified_at, modified_by) values (48, 'uno', 'Sed sagittis.', '2023-03-31 14:33:55', 'Koenraad', '2023-11-08 02:44:38', 'Kore');
insert into article_comment (article_id, user_id, description, created_at, created_by, modified_at, modified_by) values (112, 'uno2', 'Nulla mollis molestie lorem.', '2023-11-22 05:45:37', 'Almire', '2023-08-07 16:50:36', 'Gardie');
insert into article_comment (article_id, user_id, description, created_at, created_by, modified_at, modified_by) values (10, 'uno2', 'Maecenas rhoncus aliquam lacus.', '2023-03-10 09:39:44', 'Nevins', '2023-06-03 23:11:27', 'Merell');
insert into article_comment (article_id, user_id, description, created_at, created_by, modified_at, modified_by) values (38, 'uno2', 'Curabitur in libero ut massa volutpat convallis.', '2023-10-25 15:27:01', 'Sybilla', '2023-05-23 10:06:21', 'Rawley');
insert into article_comment (article_id, user_id, description, created_at, created_by, modified_at, modified_by) values (121, 'uno2', 'Pellentesque viverra pede ac diam.', '2023-02-17 18:38:56', 'Gerta', '2023-01-08 03:41:09', 'Claretta');
insert into article_comment (article_id, user_id, description, created_at, created_by, modified_at, modified_by) values (15, 'uno2', 'Vestibulum ante ipsum primis in faucibus orci luctus et ultrices posuere cubilia Curae; Nulla dapibus dolor vel est.', '2023-04-03 18:19:16', 'Margit', '2023-06-13 00:46:09', 'Stesha');
insert into article_comment (article_id, user_id, description, created_at, created_by, modified_at, modified_by) values (4, 'uno', 'Curabitur in libero ut massa volutpat convallis.', '2023-03-24 07:55:40', 'Shara', '2023-10-05 12:59:07', 'Bear');
insert into article_comment (article_id, user_id, description, created_at, created_by, modified_at, modified_by) values (96, 'uno2', 'Nullam varius.', '2022-12-02 01:41:36', 'Zorah', '2023-08-15 07:44:50', 'Dusty');
insert into article_comment (article_id, user_id, description, created_at, created_by, modified_at, modified_by) values (93, 'uno', 'Fusce posuere felis sed lacus.', '2023-03-30 08:06:05', 'Mathian', '2023-07-28 08:10:40', 'Base');
insert into article_comment (article_id, user_id, description, created_at, created_by, modified_at, modified_by) values (70, 'uno', 'Suspendisse potenti.', '2023-05-04 01:47:49', 'Bruno', '2023-05-28 20:13:57', 'Teresa');
insert into article_comment (article_id, user_id, description, created_at, created_by, modified_at, modified_by) values (89, 'uno2', 'Quisque id justo sit amet sapien dignissim vestibulum.', '2022-12-17 20:34:30', 'Eadie', '2023-02-17 11:24:56', 'Joni');
insert into article_comment (article_id, user_id, description, created_at, created_by, modified_at, modified_by) values (121, 'uno2', 'Nam nulla.', '2023-07-03 10:09:33', 'Vasilis', '2023-08-19 23:51:57', 'Garner');
insert into article_comment (article_id, user_id, description, created_at, created_by, modified_at, modified_by) values (91, 'uno', 'Vivamus metus arcu, adipiscing molestie, hendrerit at, vulputate vitae, nisl.', '2023-08-24 06:44:50', 'Cordelie', '2023-02-22 12:54:02', 'Charity');
insert into article_comment (article_id, user_id, description, created_at, created_by, modified_at, modified_by) values (25, 'uno', 'Morbi sem mauris, laoreet ut, rhoncus aliquet, pulvinar sed, nisl.', '2023-01-03 03:09:40', 'Anthony', '2023-07-22 16:21:15', 'Granny');
insert into article_comment (article_id, user_id, description, created_at, created_by, modified_at, modified_by) values (5, 'uno2', 'Vivamus vestibulum sagittis sapien.', '2023-10-27 18:45:43', 'Sarine', '2023-07-22 10:46:25', 'Catharina');
insert into article_comment (article_id, user_id, description, created_at, created_by, modified_at, modified_by) values (24, 'uno', 'Nullam orci pede, venenatis non, sodales sed, tincidunt eu, felis.', '2023-07-12 09:08:46', 'Abel', '2023-01-06 07:11:48', 'Jimmy');
insert into article_comment (article_id, user_id, description, created_at, created_by, modified_at, modified_by) values (65, 'uno2', 'Phasellus in felis.', '2023-02-16 23:41:53', 'Corie', '2023-10-06 17:28:29', 'Vyky');
insert into article_comment (article_id, user_id, description, created_at, created_by, modified_at, modified_by) values (52, 'uno', 'Sed sagittis.', '2023-06-29 18:38:53', 'Tera', '2023-11-25 03:10:41', 'Melisse');
insert into article_comment (article_id, user_id, description, created_at, created_by, modified_at, modified_by) values (20, 'uno', 'Nulla nisl.', '2023-03-31 17:50:47', 'Matt', '2022-12-10 13:30:31', 'Shannon');
insert into article_comment (article_id, user_id, description, created_at, created_by, modified_at, modified_by) values (48, 'uno', 'Sed accumsan felis.', '2023-09-05 18:33:31', 'Sebastiano', '2023-09-20 00:45:15', 'Nolan');
insert into article_comment (article_id, user_id, description, created_at, created_by, modified_at, modified_by) values (17, 'uno2', 'Vestibulum quam sapien, varius ut, blandit non, interdum in, ante.', '2023-08-31 12:52:53', 'Cy', '2023-01-31 19:50:18', 'Nickolas');
insert into article_comment (article_id, user_id, description, created_at, created_by, modified_at, modified_by) values (6, 'uno2', 'Integer a nibh.', '2022-12-25 13:08:57', 'Shea', '2023-01-23 12:24:03', 'Cobby');
insert into article_comment (article_id, user_id, description, created_at, created_by, modified_at, modified_by) values (28, 'uno2', 'Quisque erat eros, viverra eget, congue eget, semper rutrum, nulla.', '2023-05-10 18:33:39', 'Naomi', '2022-11-29 03:10:47', 'Tibold');
insert into article_comment (article_id, user_id, description, created_at, created_by, modified_at, modified_by) values (4, 'uno2', 'In hac habitasse platea dictumst.', '2023-01-21 16:49:39', 'Mateo', '2023-10-12 07:07:37', 'Pauli');
insert into article_comment (article_id, user_id, description, created_at, created_by, modified_at, modified_by) values (67, 'uno2', 'Duis bibendum.', '2023-07-08 16:01:50', 'Xylina', '2023-08-22 09:08:31', 'Godfree');
insert into article_comment (article_id, user_id, description, created_at, created_by, modified_at, modified_by) values (105, 'uno2', 'Mauris lacinia sapien quis libero.', '2022-12-31 01:23:51', 'Hall', '2023-09-29 00:42:46', 'Odella');
insert into article_comment (article_id, user_id, description, created_at, created_by, modified_at, modified_by) values (30, 'uno', 'Curabitur in libero ut massa volutpat convallis.', '2023-05-03 16:04:15', 'Gran', '2023-05-06 14:32:51', 'Misty');
insert into article_comment (article_id, user_id, description, created_at, created_by, modified_at, modified_by) values (14, 'uno', 'Vivamus tortor.', '2023-03-20 21:18:08', 'Klement', '2023-09-23 04:52:19', 'Lela');
insert into article_comment (article_id, user_id, description, created_at, created_by, modified_at, modified_by) values (102, 'uno', 'Duis bibendum, felis sed interdum venenatis, turpis enim blandit mi, in porttitor pede justo eu massa.', '2023-04-04 21:42:44', 'Manda', '2023-11-24 05:47:07', 'Adlai');
insert into article_comment (article_id, user_id, description, created_at, created_by, modified_at, modified_by) values (104, 'uno', 'Maecenas tincidunt lacus at velit.', '2023-03-26 13:51:37', 'Cory', '2023-06-13 10:42:46', 'Sabra');
insert into article_comment (article_id, user_id, description, created_at, created_by, modified_at, modified_by) values (15, 'uno', 'In congue.', '2023-11-23 02:49:29', 'Shayne', '2023-07-13 17:47:57', 'Elinor');
insert into article_comment (article_id, user_id, description, created_at, created_by, modified_at, modified_by) values (46, 'uno2', 'Cras non velit nec nisi vulputate nonummy.', '2023-09-11 07:13:43', 'Brynne', '2023-11-03 08:51:01', 'Laird');
insert into article_comment (article_id, user_id, description, created_at, created_by, modified_at, modified_by) values (120, 'uno2', 'Proin interdum mauris non ligula pellentesque ultrices.', '2023-08-16 20:31:59', 'Alexi', '2023-03-26 22:25:14', 'Marlon');
insert into article_comment (article_id, user_id, description, created_at, created_by, modified_at, modified_by) values (105, 'uno', 'Pellentesque eget nunc.', '2023-09-05 16:09:35', 'Drucie', '2023-06-24 05:13:00', 'Kevyn');
insert into article_comment (article_id, user_id, description, created_at, created_by, modified_at, modified_by) values (78, 'uno', 'Donec vitae nisi.', '2023-09-17 11:14:56', 'Niko', '2023-05-27 04:39:49', 'Ambur');
insert into article_comment (article_id, user_id, description, created_at, created_by, modified_at, modified_by) values (12, 'uno', 'Duis consequat dui nec nisi volutpat eleifend.', '2022-12-11 20:52:09', 'Cybil', '2023-03-21 10:37:51', 'Cob');
insert into article_comment (article_id, user_id, description, created_at, created_by, modified_at, modified_by) values (32, 'uno', 'Nulla tempus.', '2023-08-16 19:27:38', 'Fielding', '2023-03-25 14:54:49', 'Locke');
insert into article_comment (article_id, user_id, description, created_at, created_by, modified_at, modified_by) values (63, 'uno2', 'Aenean fermentum.', '2023-11-22 07:18:07', 'Clem', '2023-07-03 17:00:52', 'Jeno');
insert into article_comment (article_id, user_id, description, created_at, created_by, modified_at, modified_by) values (17, 'uno', 'Nulla nisl.', '2023-05-12 00:02:05', 'Jayme', '2023-09-23 05:13:38', 'Pat');
insert into article_comment (article_id, user_id, description, created_at, created_by, modified_at, modified_by) values (39, 'uno2', 'Vivamus vestibulum sagittis sapien.', '2023-06-04 17:10:13', 'Kari', '2023-06-03 05:01:04', 'Ty');
insert into article_comment (article_id, user_id, description, created_at, created_by, modified_at, modified_by) values (28, 'uno2', 'Vivamus vestibulum sagittis sapien.', '2022-12-29 13:22:51', 'Payton', '2023-01-15 20:35:38', 'Georgie');
insert into article_comment (article_id, user_id, description, created_at, created_by, modified_at, modified_by) values (89, 'uno', 'Lorem ipsum dolor sit amet, consectetuer adipiscing elit.', '2023-08-12 04:52:20', 'Waite', '2023-03-14 21:18:06', 'Abba');
insert into article_comment (article_id, user_id, description, created_at, created_by, modified_at, modified_by) values (73, 'uno', 'Vestibulum ante ipsum primis in faucibus orci luctus et ultrices posuere cubilia Curae; Donec pharetra, magna vestibulum aliquet ultrices, erat tortor sollicitudin mi, sit amet lobortis sapien sapien non mi.', '2023-06-30 23:12:16', 'Roderick', '2023-01-14 20:27:26', 'Nancee');
insert into article_comment (article_id, user_id, description, created_at, created_by, modified_at, modified_by) values (28, 'uno2', 'Integer non velit.', '2023-07-24 16:44:12', 'Ramon', '2023-01-22 21:19:52', 'Stace');
insert into article_comment (article_id, user_id, description, created_at, created_by, modified_at, modified_by) values (4, 'uno', 'Pellentesque eget nunc.', '2023-06-27 01:06:31', 'Nate', '2023-09-30 09:09:50', 'Giraldo');
insert into article_comment (article_id, user_id, description, created_at, created_by, modified_at, modified_by) values (101, 'uno', 'Cras mi pede, malesuada in, imperdiet et, commodo vulputate, justo.', '2023-05-02 18:06:46', 'Cory', '2023-05-31 08:19:53', 'Caroljean');
insert into article_comment (article_id, user_id, description, created_at, created_by, modified_at, modified_by) values (81, 'uno2', 'Suspendisse potenti.', '2023-08-27 04:57:42', 'Cecelia', '2022-12-31 20:27:21', 'Gus');
insert into article_comment (article_id, user_id, description, created_at, created_by, modified_at, modified_by) values (63, 'uno', 'Vivamus tortor.', '2023-06-23 09:12:19', 'Gaye', '2022-12-01 19:15:32', 'Elva');
insert into article_comment (article_id, user_id, description, created_at, created_by, modified_at, modified_by) values (27, 'uno2', 'Sed accumsan felis.', '2023-07-17 15:02:30', 'Norah', '2023-03-25 03:52:51', 'Mab');
insert into article_comment (article_id, user_id, description, created_at, created_by, modified_at, modified_by) values (121, 'uno', 'Proin leo odio, porttitor id, consequat in, consequat ut, nulla.', '2023-01-13 05:02:42', 'Hube', '2023-04-14 04:34:09', 'Sofie');
insert into article_comment (article_id, user_id, description, created_at, created_by, modified_at, modified_by) values (74, 'uno2', 'Aenean auctor gravida sem.', '2023-06-17 12:51:45', 'Nikita', '2023-07-06 02:58:23', 'Mickey');
insert into article_comment (article_id, user_id, description, created_at, created_by, modified_at, modified_by) values (70, 'uno', 'Integer pede justo, lacinia eget, tincidunt eget, tempus vel, pede.', '2023-06-04 03:14:49', 'Kimberley', '2023-11-15 17:17:11', 'Georgi');
insert into article_comment (article_id, user_id, description, created_at, created_by, modified_at, modified_by) values (38, 'uno', 'Suspendisse ornare consequat lectus.', '2023-11-26 13:18:49', 'Nathaniel', '2023-05-22 17:21:55', 'Markus');
insert into article_comment (article_id, user_id, description, created_at, created_by, modified_at, modified_by) values (97, 'uno2', 'Morbi ut odio.', '2023-06-11 20:25:15', 'Bordy', '2023-07-19 22:10:02', 'Patti');
insert into article_comment (article_id, user_id, description, created_at, created_by, modified_at, modified_by) values (65, 'uno', 'Maecenas leo odio, condimentum id, luctus nec, molestie sed, justo.', '2023-03-26 11:35:14', 'Parke', '2023-02-19 14:15:25', 'Elizabet');
insert into article_comment (article_id, user_id, description, created_at, created_by, modified_at, modified_by) values (56, 'uno2', 'Quisque erat eros, viverra eget, congue eget, semper rutrum, nulla.', '2023-03-26 12:13:37', 'Sarita', '2023-01-21 16:28:46', 'Tomlin');
insert into article_comment (article_id, user_id, description, created_at, created_by, modified_at, modified_by) values (1, 'uno', 'In congue.', '2023-06-01 01:38:41', 'Legra', '2022-12-09 08:42:44', 'Jan');
insert into article_comment (article_id, user_id, description, created_at, created_by, modified_at, modified_by) values (89, 'uno', 'Aliquam augue quam, sollicitudin vitae, consectetuer eget, rutrum at, lorem.', '2022-12-16 04:11:07', 'Luke', '2023-01-31 01:33:27', 'Gloriane');
insert into article_comment (article_id, user_id, description, created_at, created_by, modified_at, modified_by) values (99, 'uno', 'Suspendisse potenti.', '2023-08-06 18:31:14', 'Zorah', '2023-09-17 12:01:10', 'Rosy');
insert into article_comment (article_id, user_id, description, created_at, created_by, modified_at, modified_by) values (107, 'uno', 'Integer tincidunt ante vel ipsum.', '2023-09-28 17:35:58', 'Rickey', '2023-07-04 11:05:42', 'Myriam');
insert into article_comment (article_id, user_id, description, created_at, created_by, modified_at, modified_by) values (111, 'uno', 'Cum sociis natoque penatibus et magnis dis parturient montes, nascetur ridiculus mus.', '2023-09-25 06:12:00', 'Caresa', '2023-05-09 07:38:41', 'Nick');
insert into article_comment (article_id, user_id, description, created_at, created_by, modified_at, modified_by) values (98, 'uno2', 'Pellentesque eget nunc.', '2023-01-22 15:16:31', 'Mike', '2023-10-08 09:15:50', 'Maryjo');
insert into article_comment (article_id, user_id, description, created_at, created_by, modified_at, modified_by) values (41, 'uno2', 'In congue.', '2023-05-31 21:35:48', 'Cherish', '2023-07-01 05:43:51', 'Wandis');
insert into article_comment (article_id, user_id, description, created_at, created_by, modified_at, modified_by) values (120, 'uno2', 'Nam congue, risus semper porta volutpat, quam pede lobortis ligula, sit amet eleifend pede libero quis orci.', '2023-03-16 15:04:17', 'Gilly', '2023-01-29 14:36:45', 'Fabe');
insert into article_comment (article_id, user_id, description, created_at, created_by, modified_at, modified_by) values (1, 'uno2', 'In tempor, turpis nec euismod scelerisque, quam turpis adipiscing lorem, vitae mattis nibh ligula nec sem.', '2023-07-20 21:25:06', 'Glennis', '2023-06-13 00:51:55', 'Aurlie');
insert into article_comment (article_id, user_id, description, created_at, created_by, modified_at, modified_by) values (93, 'uno', 'Integer a nibh.', '2023-10-06 04:58:49', 'Alphonso', '2022-12-05 03:32:16', 'Carolynn');
insert into article_comment (article_id, user_id, description, created_at, created_by, modified_at, modified_by) values (109, 'uno2', 'Donec vitae nisi.', '2023-02-25 15:53:04', 'Griselda', '2023-06-08 04:13:24', 'Patrizius');
insert into article_comment (article_id, user_id, description, created_at, created_by, modified_at, modified_by) values (62, 'uno', 'Nulla ac enim.', '2023-08-16 08:04:08', 'Anita', '2023-11-02 16:24:50', 'Rhianon');
insert into article_comment (article_id, user_id, description, created_at, created_by, modified_at, modified_by) values (96, 'uno', 'Fusce lacus purus, aliquet at, feugiat non, pretium quis, lectus.', '2022-12-05 01:43:20', 'Dorella', '2023-05-02 16:15:00', 'Mei');
insert into article_comment (article_id, user_id, description, created_at, created_by, modified_at, modified_by) values (44, 'uno2', 'Vivamus metus arcu, adipiscing molestie, hendrerit at, vulputate vitae, nisl.', '2023-02-13 15:01:23', 'Kaila', '2023-09-20 09:00:57', 'Bernarr');
insert into article_comment (article_id, user_id, description, created_at, created_by, modified_at, modified_by) values (62, 'uno2', 'Aliquam augue quam, sollicitudin vitae, consectetuer eget, rutrum at, lorem.', '2023-03-12 08:47:53', 'Skye', '2023-04-23 14:35:32', 'Lilllie');
insert into article_comment (article_id, user_id, description, created_at, created_by, modified_at, modified_by) values (19, 'uno2', 'Duis consequat dui nec nisi volutpat eleifend.', '2023-03-03 20:25:22', 'Arty', '2023-07-30 00:00:47', 'Bevon');
insert into article_comment (article_id, user_id, description, created_at, created_by, modified_at, modified_by) values (6, 'uno2', 'Sed accumsan felis.', '2023-06-28 11:32:15', 'Helaina', '2023-05-03 20:13:36', 'Carling');
insert into article_comment (article_id, user_id, description, created_at, created_by, modified_at, modified_by) values (47, 'uno2', 'Maecenas ut massa quis augue luctus tincidunt.', '2023-02-05 20:42:52', 'Emmett', '2022-12-01 07:19:42', 'Zondra');
insert into article_comment (article_id, user_id, description, created_at, created_by, modified_at, modified_by) values (54, 'uno', 'Donec diam neque, vestibulum eget, vulputate ut, ultrices vel, augue.', '2023-11-14 11:34:21', 'Nicolais', '2023-07-02 09:21:26', 'Livvie');
insert into article_comment (article_id, user_id, description, created_at, created_by, modified_at, modified_by) values (3, 'uno2', 'Nunc rhoncus dui vel sem.', '2023-05-30 20:16:10', 'Maureen', '2023-07-19 22:04:20', 'Ellary');
insert into article_comment (article_id, user_id, description, created_at, created_by, modified_at, modified_by) values (123, 'uno', 'Phasellus in felis.', '2023-10-03 07:00:55', 'Reginauld', '2022-12-08 08:52:14', 'Consuelo');
insert into article_comment (article_id, user_id, description, created_at, created_by, modified_at, modified_by) values (5, 'uno', 'Aliquam quis turpis eget elit sodales scelerisque.', '2023-10-20 00:31:37', 'Joelie', '2023-09-27 01:53:37', 'Melissa');
insert into article_comment (article_id, user_id, description, created_at, created_by, modified_at, modified_by) values (53, 'uno2', 'Donec vitae nisi.', '2023-09-12 15:48:39', 'Petronille', '2023-08-24 14:36:11', 'Natassia');
insert into article_comment (article_id, user_id, description, created_at, created_by, modified_at, modified_by) values (7, 'uno', 'Morbi non lectus.', '2023-07-13 06:28:35', 'Cindy', '2023-06-30 15:59:35', 'Selinda');
insert into article_comment (article_id, user_id, description, created_at, created_by, modified_at, modified_by) values (117, 'uno', 'In sagittis dui vel nisl.', '2023-07-11 14:56:03', 'Guglielma', '2023-05-11 04:42:20', 'Florance');
insert into article_comment (article_id, user_id, description, created_at, created_by, modified_at, modified_by) values (113, 'uno2', 'In congue.', '2023-09-20 21:31:42', 'Issi', '2023-02-09 20:49:20', 'Decca');
insert into article_comment (article_id, user_id, description, created_at, created_by, modified_at, modified_by) values (117, 'uno2', 'Etiam vel augue.', '2023-03-15 00:58:08', 'Nolan', '2023-10-12 12:34:20', 'Kamila');
insert into article_comment (article_id, user_id, description, created_at, created_by, modified_at, modified_by) values (54, 'uno2', 'Quisque id justo sit amet sapien dignissim vestibulum.', '2023-03-19 09:13:21', 'Howard', '2023-07-02 16:18:24', 'Darcee');
insert into article_comment (article_id, user_id, description, created_at, created_by, modified_at, modified_by) values (25, 'uno2', 'Maecenas tristique, est et tempus semper, est quam pharetra magna, ac consequat metus sapien ut nunc.', '2023-10-15 20:29:17', 'Georgie', '2023-10-18 01:11:21', 'Art');
insert into article_comment (article_id, user_id, description, created_at, created_by, modified_at, modified_by) values (5, 'uno', 'Cras mi pede, malesuada in, imperdiet et, commodo vulputate, justo.', '2023-08-03 11:29:22', 'Briggs', '2023-05-29 20:42:57', 'Claudius');
insert into article_comment (article_id, user_id, description, created_at, created_by, modified_at, modified_by) values (43, 'uno2', 'Morbi sem mauris, laoreet ut, rhoncus aliquet, pulvinar sed, nisl.', '2023-02-17 09:36:00', 'Eda', '2023-07-08 06:15:35', 'Lynda');
insert into article_comment (article_id, user_id, description, created_at, created_by, modified_at, modified_by) values (37, 'uno', 'Phasellus sit amet erat.', '2023-02-07 00:54:48', 'De witt', '2023-10-25 15:35:28', 'Ralf');
insert into article_comment (article_id, user_id, description, created_at, created_by, modified_at, modified_by) values (86, 'uno', 'Vestibulum ante ipsum primis in faucibus orci luctus et ultrices posuere cubilia Curae; Donec pharetra, magna vestibulum aliquet ultrices, erat tortor sollicitudin mi, sit amet lobortis sapien sapien non mi.', '2023-06-08 22:01:21', 'Waylin', '2023-05-26 08:26:16', 'Prince');
insert into article_comment (article_id, user_id, description, created_at, created_by, modified_at, modified_by) values (87, 'uno2', 'Nullam sit amet turpis elementum ligula vehicula consequat.', '2023-08-18 21:45:16', 'Caterina', '2023-02-22 16:12:39', 'Iggie');
insert into article_comment (article_id, user_id, description, created_at, created_by, modified_at, modified_by) values (26, 'uno2', 'Cras in purus eu magna vulputate luctus.', '2023-08-17 16:48:45', 'Coretta', '2023-05-11 03:00:27', 'Sile');
insert into article_comment (article_id, user_id, description, created_at, created_by, modified_at, modified_by) values (120, 'uno', 'Cum sociis natoque penatibus et magnis dis parturient montes, nascetur ridiculus mus.', '2023-03-15 16:26:04', 'Aila', '2023-10-19 05:18:02', 'Scottie');
insert into article_comment (article_id, user_id, description, created_at, created_by, modified_at, modified_by) values (69, 'uno', 'Mauris ullamcorper purus sit amet nulla.', '2023-08-06 19:22:10', 'Ann-marie', '2023-03-26 12:31:28', 'Ricoriki');
insert into article_comment (article_id, user_id, description, created_at, created_by, modified_at, modified_by) values (122, 'uno2', 'In hac habitasse platea dictumst.', '2023-06-15 13:09:14', 'Nester', '2023-01-28 03:32:49', 'Antonella');
insert into article_comment (article_id, user_id, description, created_at, created_by, modified_at, modified_by) values (68, 'uno', 'Morbi vel lectus in quam fringilla rhoncus.', '2022-12-16 20:22:09', 'Federica', '2023-08-08 06:46:00', 'Sanson');
insert into article_comment (article_id, user_id, description, created_at, created_by, modified_at, modified_by) values (113, 'uno', 'Duis at velit eu est congue elementum.', '2023-09-19 09:41:35', 'Karl', '2023-05-03 04:38:56', 'Gabbie');
insert into article_comment (article_id, user_id, description, created_at, created_by, modified_at, modified_by) values (50, 'uno2', 'Morbi vel lectus in quam fringilla rhoncus.', '2023-04-01 13:52:03', 'Sarge', '2023-06-26 21:06:20', 'Fredericka');
insert into article_comment (article_id, user_id, description, created_at, created_by, modified_at, modified_by) values (100, 'uno2', 'Aliquam erat volutpat.', '2023-01-02 02:13:24', 'Nola', '2022-12-09 08:17:20', 'Janice');
insert into article_comment (article_id, user_id, description, created_at, created_by, modified_at, modified_by) values (104, 'uno2', 'Vestibulum ante ipsum primis in faucibus orci luctus et ultrices posuere cubilia Curae; Duis faucibus accumsan odio.', '2023-06-18 07:00:32', 'Mac', '2023-07-19 07:09:12', 'Edita');
insert into article_comment (article_id, user_id, description, created_at, created_by, modified_at, modified_by) values (14, 'uno2', 'Donec quis orci eget orci vehicula condimentum.', '2023-03-07 18:01:15', 'Adelind', '2023-08-15 01:17:07', 'Shellysheldon');
insert into article_comment (article_id, user_id, description, created_at, created_by, modified_at, modified_by) values (60, 'uno', 'Integer ac neque.', '2023-04-03 10:11:02', 'Bertrando', '2023-08-29 22:25:17', 'Vonny');
insert into article_comment (article_id, user_id, description, created_at, created_by, modified_at, modified_by) values (57, 'uno', 'In eleifend quam a odio.', '2023-09-01 04:09:41', 'Arabella', '2023-09-18 12:45:11', 'Ceciley');
insert into article_comment (article_id, user_id, description, created_at, created_by, modified_at, modified_by) values (63, 'uno', 'Cum sociis natoque penatibus et magnis dis parturient montes, nascetur ridiculus mus.', '2023-06-01 11:21:29', 'Niel', '2023-06-23 17:11:24', 'Hoyt');
insert into article_comment (article_id, user_id, description, created_at, created_by, modified_at, modified_by) values (36, 'uno2', 'Suspendisse potenti.', '2023-07-14 06:56:02', 'Nona', '2023-04-27 01:49:59', 'Wallis');
insert into article_comment (article_id, user_id, description, created_at, created_by, modified_at, modified_by) values (56, 'uno', 'Vivamus vel nulla eget eros elementum pellentesque.', '2023-03-30 23:21:09', 'Harley', '2023-03-31 08:50:37', 'Kennie');
insert into article_comment (article_id, user_id, description, created_at, created_by, modified_at, modified_by) values (89, 'uno2', 'Nullam molestie nibh in lectus.', '2023-04-23 07:29:23', 'Pebrook', '2023-05-30 21:03:21', 'Brnaby');
insert into article_comment (article_id, user_id, description, created_at, created_by, modified_at, modified_by) values (101, 'uno', 'Morbi vel lectus in quam fringilla rhoncus.', '2023-06-17 14:38:06', 'Rubetta', '2023-06-05 18:17:11', 'Ravi');
insert into article_comment (article_id, user_id, description, created_at, created_by, modified_at, modified_by) values (1, 'uno2', 'Donec ut mauris eget massa tempor convallis.', '2023-03-05 05:18:44', 'Clarinda', '2023-06-04 13:08:00', 'Madelyn');
insert into article_comment (article_id, user_id, description, created_at, created_by, modified_at, modified_by) values (103, 'uno2', 'Maecenas pulvinar lobortis est.', '2023-09-01 22:14:16', 'Aliza', '2023-04-17 20:12:39', 'Cleavland');
insert into article_comment (article_id, user_id, description, created_at, created_by, modified_at, modified_by) values (69, 'uno2', 'Ut tellus.', '2023-06-11 02:40:09', 'Garvey', '2023-01-11 17:32:57', 'Aurilia');
insert into article_comment (article_id, user_id, description, created_at, created_by, modified_at, modified_by) values (58, 'uno', 'Cum sociis natoque penatibus et magnis dis parturient montes, nascetur ridiculus mus.', '2023-01-18 03:09:02', 'Bryana', '2023-05-11 13:52:57', 'Cristina');
insert into article_comment (article_id, user_id, description, created_at, created_by, modified_at, modified_by) values (91, 'uno', 'Morbi vestibulum, velit id pretium iaculis, diam erat fermentum justo, nec condimentum neque sapien placerat ante.', '2023-03-09 17:27:19', 'Clerissa', '2023-09-24 11:53:52', 'Jodi');
insert into article_comment (article_id, user_id, description, created_at, created_by, modified_at, modified_by) values (48, 'uno2', 'Cum sociis natoque penatibus et magnis dis parturient montes, nascetur ridiculus mus.', '2022-12-04 01:28:12', 'Darwin', '2023-05-23 06:51:05', 'Ryun');
insert into article_comment (article_id, user_id, description, created_at, created_by, modified_at, modified_by) values (21, 'uno', 'Proin leo odio, porttitor id, consequat in, consequat ut, nulla.', '2023-07-11 15:46:10', 'Hermione', '2023-08-01 14:33:38', 'Crystal');
insert into article_comment (article_id, user_id, description, created_at, created_by, modified_at, modified_by) values (96, 'uno', 'Etiam justo.', '2023-07-13 15:57:32', 'Merline', '2023-08-10 06:22:29', 'Georgeta');
insert into article_comment (article_id, user_id, description, created_at, created_by, modified_at, modified_by) values (45, 'uno', 'Vestibulum quam sapien, varius ut, blandit non, interdum in, ante.', '2023-09-01 05:28:28', 'Catlee', '2023-08-12 06:49:55', 'Ashley');
insert into article_comment (article_id, user_id, description, created_at, created_by, modified_at, modified_by) values (102, 'uno2', 'Ut at dolor quis odio consequat varius.', '2023-02-08 07:37:56', 'Ron', '2023-05-20 05:39:13', 'Ethyl');
insert into article_comment (article_id, user_id, description, created_at, created_by, modified_at, modified_by) values (120, 'uno2', 'Vestibulum rutrum rutrum neque.', '2023-09-21 01:08:30', 'Stacy', '2023-02-27 04:21:10', 'Jennica');
insert into article_comment (article_id, user_id, description, created_at, created_by, modified_at, modified_by) values (122, 'uno2', 'In sagittis dui vel nisl.', '2023-07-09 03:10:38', 'Augustina', '2022-12-15 06:15:25', 'Desmund');
insert into article_comment (article_id, user_id, description, created_at, created_by, modified_at, modified_by) values (89, 'uno', 'Nullam porttitor lacus at turpis.', '2023-05-15 12:09:03', 'Jojo', '2023-05-08 13:07:01', 'Cherise');
insert into article_comment (article_id, user_id, description, created_at, created_by, modified_at, modified_by) values (103, 'uno2', 'Donec diam neque, vestibulum eget, vulputate ut, ultrices vel, augue.', '2022-12-28 17:13:39', 'Candi', '2022-12-20 07:00:07', 'Tine');
insert into article_comment (article_id, user_id, description, created_at, created_by, modified_at, modified_by) values (83, 'uno2', 'Nullam sit amet turpis elementum ligula vehicula consequat.', '2023-10-31 15:05:24', 'Janeva', '2023-05-08 12:06:25', 'Morey');
insert into article_comment (article_id, user_id, description, created_at, created_by, modified_at, modified_by) values (119, 'uno', 'Maecenas tristique, est et tempus semper, est quam pharetra magna, ac consequat metus sapien ut nunc.', '2023-06-23 03:46:58', 'Harman', '2022-12-25 23:23:29', 'Bobette');
insert into article_comment (article_id, user_id, description, created_at, created_by, modified_at, modified_by) values (33, 'uno', 'Vivamus metus arcu, adipiscing molestie, hendrerit at, vulputate vitae, nisl.', '2022-12-21 12:56:23', 'Austine', '2023-02-05 02:24:27', 'Dede');
insert into article_comment (article_id, user_id, description, created_at, created_by, modified_at, modified_by) values (122, 'uno2', 'Aliquam non mauris.', '2023-01-10 23:58:44', 'Brendis', '2022-11-29 19:47:57', 'Josefa');
insert into article_comment (article_id, user_id, description, created_at, created_by, modified_at, modified_by) values (25, 'uno2', 'Praesent lectus.', '2022-12-28 22:30:53', 'Blithe', '2022-12-09 15:16:17', 'Ferrell');
insert into article_comment (article_id, user_id, description, created_at, created_by, modified_at, modified_by) values (119, 'uno2', 'Aliquam non mauris.', '2023-09-13 13:11:50', 'Helga', '2023-01-26 09:34:10', 'Giusto');
insert into article_comment (article_id, user_id, description, created_at, created_by, modified_at, modified_by) values (79, 'uno', 'Vestibulum ante ipsum primis in faucibus orci luctus et ultrices posuere cubilia Curae; Duis faucibus accumsan odio.', '2023-09-03 13:19:02', 'Devin', '2023-01-07 12:20:37', 'Agathe');
insert into article_comment (article_id, user_id, description, created_at, created_by, modified_at, modified_by) values (64, 'uno', 'Praesent lectus.', '2023-11-18 18:46:47', 'Shane', '2023-07-02 09:49:42', 'Alfy');
insert into article_comment (article_id, user_id, description, created_at, created_by, modified_at, modified_by) values (106, 'uno', 'In tempor, turpis nec euismod scelerisque, quam turpis adipiscing lorem, vitae mattis nibh ligula nec sem.', '2022-11-27 06:00:01', 'Durand', '2023-05-07 07:38:37', 'Veriee');
insert into article_comment (article_id, user_id, description, created_at, created_by, modified_at, modified_by) values (60, 'uno', 'Mauris sit amet eros.', '2023-07-28 11:46:38', 'Upton', '2023-06-21 23:23:24', 'Ruperta');
insert into article_comment (article_id, user_id, description, created_at, created_by, modified_at, modified_by) values (99, 'uno', 'Cras non velit nec nisi vulputate nonummy.', '2023-10-30 18:38:27', 'Lammond', '2023-06-29 00:15:15', 'Giffy');
insert into article_comment (article_id, user_id, description, created_at, created_by, modified_at, modified_by) values (100, 'uno2', 'Sed sagittis.', '2023-01-13 06:16:19', 'Griffith', '2023-03-31 20:19:08', 'Kerry');
insert into article_comment (article_id, user_id, description, created_at, created_by, modified_at, modified_by) values (13, 'uno2', 'Nulla nisl.', '2023-07-14 18:05:53', 'Lucina', '2023-05-12 16:34:25', 'Babette');
insert into article_comment (article_id, user_id, description, created_at, created_by, modified_at, modified_by) values (111, 'uno', 'Etiam faucibus cursus urna.', '2023-03-21 13:18:39', 'Roth', '2023-06-30 03:33:33', 'Collen');
insert into article_comment (article_id, user_id, description, created_at, created_by, modified_at, modified_by) values (70, 'uno2', 'Nulla neque libero, convallis eget, eleifend luctus, ultricies eu, nibh.', '2023-01-10 09:23:06', 'Joanie', '2023-10-01 06:08:11', 'Therese');
insert into article_comment (article_id, user_id, description, created_at, created_by, modified_at, modified_by) values (110, 'uno', 'Duis ac nibh.', '2023-11-04 04:17:08', 'Cati', '2023-09-21 15:44:49', 'Dee');
insert into article_comment (article_id, user_id, description, created_at, created_by, modified_at, modified_by) values (106, 'uno', 'Aliquam augue quam, sollicitudin vitae, consectetuer eget, rutrum at, lorem.', '2023-07-12 21:29:22', 'Gabbi', '2023-01-07 00:10:12', 'Nerissa');
insert into article_comment (article_id, user_id, description, created_at, created_by, modified_at, modified_by) values (88, 'uno', 'In hac habitasse platea dictumst.', '2022-12-29 10:40:28', 'Stavro', '2023-10-19 19:39:18', 'Eddy');
insert into article_comment (article_id, user_id, description, created_at, created_by, modified_at, modified_by) values (76, 'uno2', 'Maecenas rhoncus aliquam lacus.', '2023-10-21 02:28:29', 'Flin', '2023-07-18 16:12:22', 'Shelby');
insert into article_comment (article_id, user_id, description, created_at, created_by, modified_at, modified_by) values (98, 'uno2', 'Aliquam erat volutpat.', '2023-05-11 17:28:40', 'Patten', '2023-06-26 22:24:04', 'Egan');
insert into article_comment (article_id, user_id, description, created_at, created_by, modified_at, modified_by) values (63, 'uno', 'Morbi vel lectus in quam fringilla rhoncus.', '2023-06-16 23:49:53', 'Morgun', '2023-07-01 16:58:38', 'Enos');
insert into article_comment (article_id, user_id, description, created_at, created_by, modified_at, modified_by) values (61, 'uno2', 'Curabitur at ipsum ac tellus semper interdum.', '2023-05-12 20:23:37', 'Onfre', '2023-11-12 10:48:37', 'Aarika');
insert into article_comment (article_id, user_id, description, created_at, created_by, modified_at, modified_by) values (112, 'uno2', 'Morbi vel lectus in quam fringilla rhoncus.', '2023-09-11 01:43:46', 'Ive', '2023-02-14 01:11:09', 'Cristal');
insert into article_comment (article_id, user_id, description, created_at, created_by, modified_at, modified_by) values (36, 'uno', 'Maecenas ut massa quis augue luctus tincidunt.', '2023-04-06 21:59:43', 'Gallagher', '2022-12-26 11:26:42', 'Steffi');
insert into article_comment (article_id, user_id, description, created_at, created_by, modified_at, modified_by) values (62, 'uno', 'Nullam orci pede, venenatis non, sodales sed, tincidunt eu, felis.', '2023-05-17 19:41:00', 'Amelia', '2023-02-06 00:51:57', 'Emilia');
insert into article_comment (article_id, user_id, description, created_at, created_by, modified_at, modified_by) values (48, 'uno', 'In hac habitasse platea dictumst.', '2023-02-23 14:41:54', 'Conway', '2023-03-28 19:23:28', 'Silvano');
insert into article_comment (article_id, user_id, description, created_at, created_by, modified_at, modified_by) values (2, 'uno', 'Maecenas rhoncus aliquam lacus.', '2022-12-19 07:22:07', 'Alfonse', '2023-07-11 17:02:16', 'Luca');
insert into article_comment (article_id, user_id, description, created_at, created_by, modified_at, modified_by) values (21, 'uno2', 'Sed vel enim sit amet nunc viverra dapibus.', '2023-04-03 07:39:36', 'Heida', '2022-12-28 14:07:31', 'Aluin');
insert into article_comment (article_id, user_id, description, created_at, created_by, modified_at, modified_by) values (41, 'uno2', 'Nam tristique tortor eu pede.', '2023-11-24 11:45:46', 'Moll', '2023-08-04 16:42:09', 'Skip');
insert into article_comment (article_id, user_id, description, created_at, created_by, modified_at, modified_by) values (98, 'uno2', 'Lorem ipsum dolor sit amet, consectetuer adipiscing elit.', '2023-07-03 14:55:40', 'Cloris', '2023-01-14 16:00:20', 'Michale');
insert into article_comment (article_id, user_id, description, created_at, created_by, modified_at, modified_by) values (99, 'uno2', 'Nullam molestie nibh in lectus.', '2023-07-21 04:15:08', 'Barris', '2023-06-09 19:12:52', 'Doti');
insert into article_comment (article_id, user_id, description, created_at, created_by, modified_at, modified_by) values (99, 'uno2', 'In hac habitasse platea dictumst.', '2023-05-01 00:04:06', 'Wilmette', '2023-03-11 08:35:43', 'Fan');
insert into article_comment (article_id, user_id, description, created_at, created_by, modified_at, modified_by) values (90, 'uno2', 'Proin risus.', '2023-10-08 08:22:34', 'Kent', '2023-02-11 07:19:01', 'Tarrah');
insert into article_comment (article_id, user_id, description, created_at, created_by, modified_at, modified_by) values (115, 'uno2', 'Aenean auctor gravida sem.', '2023-06-26 12:06:05', 'Charmian', '2023-04-13 19:36:02', 'Linoel');
insert into article_comment (article_id, user_id, description, created_at, created_by, modified_at, modified_by) values (75, 'uno', 'Cras pellentesque volutpat dui.', '2023-04-27 01:56:43', 'Angelika', '2023-04-09 12:27:12', 'Coralie');


insert into hashtag (hashtag_name, created_at, created_by, modified_at, modified_by) values ('Green', now(), 'uno', now(), 'uno');
insert into hashtag (hashtag_name, created_at, created_by, modified_at, modified_by) values ('Red', now(), 'uno', now(), 'uno');
insert into hashtag (hashtag_name, created_at, created_by, modified_at, modified_by) values ('Aquamarine', now(), 'uno', now(), 'uno');
insert into hashtag (hashtag_name, created_at, created_by, modified_at, modified_by) values ('Mauv', now(), 'uno', now(), 'uno');
insert into hashtag (hashtag_name, created_at, created_by, modified_at, modified_by) values ('Orange', now(), 'uno', now(), 'uno');
insert into hashtag (hashtag_name, created_at, created_by, modified_at, modified_by) values ('Purple', now(), 'uno', now(), 'uno');
insert into hashtag (hashtag_name, created_at, created_by, modified_at, modified_by) values ('Khaki', now(), 'uno2', now(), 'uno2');
insert into hashtag (hashtag_name, created_at, created_by, modified_at, modified_by) values ('Crimson', now(), 'uno2', now(), 'uno2');
insert into hashtag (hashtag_name, created_at, created_by, modified_at, modified_by) values ('Teal', now(), 'uno2', now(), 'uno2');
insert into hashtag (hashtag_name, created_at, created_by, modified_at, modified_by) values ('Blue', now(), 'uno2', now(), 'uno2');
insert into hashtag (hashtag_name, created_at, created_by, modified_at, modified_by) values ('Fuscia', now(), 'uno2', now(), 'uno2');
insert into hashtag (hashtag_name, created_at, created_by, modified_at, modified_by) values ('Goldenrod', now(), 'uno2', now(), 'uno2');
insert into hashtag (hashtag_name, created_at, created_by, modified_at, modified_by) values ('Yellow', now(), 'uno2', now(), 'uno2');
insert into hashtag (hashtag_name, created_at, created_by, modified_at, modified_by) values ('Juno', now(), 'uno2', now(), 'uno2');
insert into hashtag (hashtag_name, created_at, created_by, modified_at, modified_by) values ('Min', now(), 'uno2', now(), 'uno2');


insert into article_hashtag (article_id, hashtag_id) values (1, 4);
insert into article_hashtag (article_id, hashtag_id) values (2, 3);
insert into article_hashtag (article_id, hashtag_id) values (3, 3);
insert into article_hashtag (article_id, hashtag_id) values (4, 1);
insert into article_hashtag (article_id, hashtag_id) values (5, 14);
insert into article_hashtag (article_id, hashtag_id) values (6, 11);
insert into article_hashtag (article_id, hashtag_id) values (7, 3);
insert into article_hashtag (article_id, hashtag_id) values (8, 13);
insert into article_hashtag (article_id, hashtag_id) values (9, 14);
insert into article_hashtag (article_id, hashtag_id) values (10, 7);
insert into article_hashtag (article_id, hashtag_id) values (11, 15);
insert into article_hashtag (article_id, hashtag_id) values (12, 13);
insert into article_hashtag (article_id, hashtag_id) values (13, 5);
insert into article_hashtag (article_id, hashtag_id) values (14, 8);
insert into article_hashtag (article_id, hashtag_id) values (15, 13);
insert into article_hashtag (article_id, hashtag_id) values (16, 10);
insert into article_hashtag (article_id, hashtag_id) values (17, 13);
insert into article_hashtag (article_id, hashtag_id) values (18, 8);
insert into article_hashtag (article_id, hashtag_id) values (19, 5);
insert into article_hashtag (article_id, hashtag_id) values (20, 13);
insert into article_hashtag (article_id, hashtag_id) values (21, 1);
insert into article_hashtag (article_id, hashtag_id) values (22, 3);
insert into article_hashtag (article_id, hashtag_id) values (23, 2);
insert into article_hashtag (article_id, hashtag_id) values (24, 6);
insert into article_hashtag (article_id, hashtag_id) values (25, 5);
insert into article_hashtag (article_id, hashtag_id) values (26, 8);
insert into article_hashtag (article_id, hashtag_id) values (27, 12);
insert into article_hashtag (article_id, hashtag_id) values (28, 6);
insert into article_hashtag (article_id, hashtag_id) values (29, 11);
insert into article_hashtag (article_id, hashtag_id) values (30, 8);
insert into article_hashtag (article_id, hashtag_id) values (31, 8);
insert into article_hashtag (article_id, hashtag_id) values (32, 14);
insert into article_hashtag (article_id, hashtag_id) values (33, 1);
insert into article_hashtag (article_id, hashtag_id) values (34, 7);
insert into article_hashtag (article_id, hashtag_id) values (35, 11);
insert into article_hashtag (article_id, hashtag_id) values (36, 10);
insert into article_hashtag (article_id, hashtag_id) values (37, 7);
insert into article_hashtag (article_id, hashtag_id) values (38, 15);
insert into article_hashtag (article_id, hashtag_id) values (39, 1);
insert into article_hashtag (article_id, hashtag_id) values (40, 9);
insert into article_hashtag (article_id, hashtag_id) values (41, 6);
insert into article_hashtag (article_id, hashtag_id) values (42, 7);
insert into article_hashtag (article_id, hashtag_id) values (43, 10);
insert into article_hashtag (article_id, hashtag_id) values (44, 7);
insert into article_hashtag (article_id, hashtag_id) values (45, 5);
insert into article_hashtag (article_id, hashtag_id) values (46, 4);
insert into article_hashtag (article_id, hashtag_id) values (47, 3);
insert into article_hashtag (article_id, hashtag_id) values (48, 13);
insert into article_hashtag (article_id, hashtag_id) values (49, 11);
insert into article_hashtag (article_id, hashtag_id) values (50, 2);
insert into article_hashtag (article_id, hashtag_id) values (51, 14);
insert into article_hashtag (article_id, hashtag_id) values (52, 2);
insert into article_hashtag (article_id, hashtag_id) values (53, 15);
insert into article_hashtag (article_id, hashtag_id) values (54, 12);
insert into article_hashtag (article_id, hashtag_id) values (55, 3);
insert into article_hashtag (article_id, hashtag_id) values (56, 12);
insert into article_hashtag (article_id, hashtag_id) values (57, 15);
insert into article_hashtag (article_id, hashtag_id) values (58, 13);
insert into article_hashtag (article_id, hashtag_id) values (59, 15);
insert into article_hashtag (article_id, hashtag_id) values (60, 8);
insert into article_hashtag (article_id, hashtag_id) values (61, 13);
insert into article_hashtag (article_id, hashtag_id) values (62, 3);
insert into article_hashtag (article_id, hashtag_id) values (63, 2);
insert into article_hashtag (article_id, hashtag_id) values (64, 13);
insert into article_hashtag (article_id, hashtag_id) values (65, 12);
insert into article_hashtag (article_id, hashtag_id) values (66, 3);
insert into article_hashtag (article_id, hashtag_id) values (67, 4);
insert into article_hashtag (article_id, hashtag_id) values (68, 5);
insert into article_hashtag (article_id, hashtag_id) values (69, 1);
insert into article_hashtag (article_id, hashtag_id) values (70, 1);
insert into article_hashtag (article_id, hashtag_id) values (71, 13);
insert into article_hashtag (article_id, hashtag_id) values (72, 9);
insert into article_hashtag (article_id, hashtag_id) values (73, 4);
insert into article_hashtag (article_id, hashtag_id) values (74, 15);
insert into article_hashtag (article_id, hashtag_id) values (75, 11);
insert into article_hashtag (article_id, hashtag_id) values (76, 4);
insert into article_hashtag (article_id, hashtag_id) values (77, 3);
insert into article_hashtag (article_id, hashtag_id) values (78, 2);
insert into article_hashtag (article_id, hashtag_id) values (79, 15);
insert into article_hashtag (article_id, hashtag_id) values (80, 7);
insert into article_hashtag (article_id, hashtag_id) values (81, 12);
insert into article_hashtag (article_id, hashtag_id) values (82, 11);
insert into article_hashtag (article_id, hashtag_id) values (83, 3);
insert into article_hashtag (article_id, hashtag_id) values (84, 5);
insert into article_hashtag (article_id, hashtag_id) values (85, 4);
insert into article_hashtag (article_id, hashtag_id) values (86, 14);
insert into article_hashtag (article_id, hashtag_id) values (87, 4);
insert into article_hashtag (article_id, hashtag_id) values (88, 3);
insert into article_hashtag (article_id, hashtag_id) values (89, 4);
insert into article_hashtag (article_id, hashtag_id) values (90, 14);
insert into article_hashtag (article_id, hashtag_id) values (91, 2);
insert into article_hashtag (article_id, hashtag_id) values (92, 2);
insert into article_hashtag (article_id, hashtag_id) values (93, 9);
insert into article_hashtag (article_id, hashtag_id) values (94, 2);
insert into article_hashtag (article_id, hashtag_id) values (95, 9);
insert into article_hashtag (article_id, hashtag_id) values (96, 13);
insert into article_hashtag (article_id, hashtag_id) values (97, 3);
insert into article_hashtag (article_id, hashtag_id) values (98, 6);
insert into article_hashtag (article_id, hashtag_id) values (99, 6);
insert into article_hashtag (article_id, hashtag_id) values (100, 9);
insert into article_hashtag (article_id, hashtag_id) values (101, 12);
insert into article_hashtag (article_id, hashtag_id) values (102, 1);
insert into article_hashtag (article_id, hashtag_id) values (103, 4);
insert into article_hashtag (article_id, hashtag_id) values (104, 2);
insert into article_hashtag (article_id, hashtag_id) values (105, 11);
insert into article_hashtag (article_id, hashtag_id) values (106, 8);
insert into article_hashtag (article_id, hashtag_id) values (107, 8);
insert into article_hashtag (article_id, hashtag_id) values (108, 10);
insert into article_hashtag (article_id, hashtag_id) values (109, 1);
insert into article_hashtag (article_id, hashtag_id) values (110, 4);
insert into article_hashtag (article_id, hashtag_id) values (111, 6);
insert into article_hashtag (article_id, hashtag_id) values (112, 14);
insert into article_hashtag (article_id, hashtag_id) values (113, 11);
insert into article_hashtag (article_id, hashtag_id) values (114, 10);
insert into article_hashtag (article_id, hashtag_id) values (115, 1);
insert into article_hashtag (article_id, hashtag_id) values (116, 10);
insert into article_hashtag (article_id, hashtag_id) values (117, 11);
insert into article_hashtag (article_id, hashtag_id) values (118, 15);
insert into article_hashtag (article_id, hashtag_id) values (119, 12);
insert into article_hashtag (article_id, hashtag_id) values (120, 10);
insert into article_hashtag (article_id, hashtag_id) values (121, 7);
insert into article_hashtag (article_id, hashtag_id) values (122, 12);
insert into article_hashtag (article_id, hashtag_id) values (123, 3);

delete from article_comment