insert into user_account (user_id, user_password, nickname, email, memo, created_at, created_by, modified_at, modified_by) values
    ('uno', '{noop}asdf1234', 'Uno', 'uno@mail.com', 'I am Uno.', now(), 'uno', now(), 'uno')
;
insert into user_account (user_id, user_password, nickname, email, memo, created_at, created_by, modified_at, modified_by) values
    ('uno2', '{noop}asdf1234', 'Uno2', 'uno2@mail.com', 'I am Uno2.', now(), 'uno', now(), 'uno2')
;
insert into article (user_id, title, description, hashtag, created_at, created_by, modified_at, modified_by) values ('uno2', 'In sagittis dui vel nisl.', 'Praesent blandit. Nam nulla. Integer pede justo, lacinia eget, tincidunt eget, tempus vel, pede.', 'Maroon', '2023-11-07 01:29:52', 'Lauryn', '2023-04-08 22:14:33', 'Gabby');
insert into article (user_id, title, description, hashtag, created_at, created_by, modified_at, modified_by) values ('uno2', 'Duis aliquam convallis nunc.', 'In quis justo. Maecenas rhoncus aliquam lacus. Morbi quis tortor id nulla ultrices aliquet.', 'Khaki', '2023-02-06 23:45:44', 'Gerty', '2022-12-05 03:23:29', 'Charlena');
insert into article (user_id, title, description, hashtag, created_at, created_by, modified_at, modified_by) values ('uno2', 'Donec ut dolor.', 'Sed ante. Vivamus tortor. Duis mattis egestas metus.', 'Green', '2023-06-16 03:50:23', 'Leonanie', '2023-10-20 11:02:10', 'Hannis');
insert into article (user_id, title, description, hashtag, created_at, created_by, modified_at, modified_by) values ('uno2', 'In hac habitasse platea dictumst.', 'Integer tincidunt ante vel ipsum. Praesent blandit lacinia erat. Vestibulum sed magna at nunc commodo placerat.', 'Pink', '2023-01-07 18:35:04', 'Amaleta', '2023-05-26 04:13:06', 'Lovell');
insert into article (user_id, title, description, hashtag, created_at, created_by, modified_at, modified_by) values ('uno2', 'Curabitur at ipsum ac tellus semper interdum.', 'Donec diam neque, vestibulum eget, vulputate ut, ultrices vel, augue. Vestibulum ante ipsum primis in faucibus orci luctus et ultrices posuere cubilia Curae; Donec pharetra, magna vestibulum aliquet ultrices, erat tortor sollicitudin mi, sit amet lobortis sapien sapien non mi. Integer ac neque.', 'Maroon', '2022-12-02 08:05:12', 'Henrieta', '2022-12-28 18:23:19', 'Idaline');
insert into article (user_id, title, description, hashtag, created_at, created_by, modified_at, modified_by) values ('uno2', 'Pellentesque viverra pede ac diam.', 'Phasellus sit amet erat. Nulla tempus. Vivamus in felis eu sapien cursus vestibulum.', 'Turquoise', '2022-11-29 05:29:00', 'Ebony', '2023-09-30 08:11:02', 'Chrisse');
insert into article (user_id, title, description, hashtag, created_at, created_by, modified_at, modified_by) values ('uno', 'Morbi porttitor lorem id ligula.', 'Duis aliquam convallis nunc. Proin at turpis a pede posuere nonummy. Integer non velit.', 'Mauv', '2023-09-25 20:57:49', 'Jonis', '2023-06-18 09:44:12', 'Merry');
insert into article (user_id, title, description, hashtag, created_at, created_by, modified_at, modified_by) values ('uno', 'Suspendisse accumsan tortor quis turpis.', 'Duis bibendum. Morbi non quam nec dui luctus rutrum. Nulla tellus.', 'Aquamarine', '2023-06-09 02:57:05', 'Hermine', '2023-05-17 05:00:23', 'Rebekkah');
insert into article (user_id, title, description, hashtag, created_at, created_by, modified_at, modified_by) values ('uno2', 'Praesent blandit lacinia erat.', 'Lorem ipsum dolor sit amet, consectetuer adipiscing elit. Proin risus. Praesent lectus.', 'Green', '2023-01-07 02:50:05', 'Dixie', '2023-10-06 19:47:57', 'Berkley');
insert into article (user_id, title, description, hashtag, created_at, created_by, modified_at, modified_by) values ('uno2', 'Phasellus in felis.', 'Fusce consequat. Nulla nisl. Nunc nisl.', 'Indigo', '2023-06-15 13:23:38', 'Lanette', '2023-11-04 16:46:09', 'Sal');
insert into article (user_id, title, description, hashtag, created_at, created_by, modified_at, modified_by) values ('uno2', 'Morbi odio odio, elementum eu, interdum eu, tincidunt in, leo.', 'Curabitur at ipsum ac tellus semper interdum. Mauris ullamcorper purus sit amet nulla. Quisque arcu libero, rutrum ac, lobortis vel, dapibus at, diam.', 'Orange', '2023-01-10 12:10:50', 'Hanny', '2022-12-08 08:08:38', 'Cyril');
insert into article (user_id, title, description, hashtag, created_at, created_by, modified_at, modified_by) values ('uno2', 'Morbi porttitor lorem id ligula.', 'Fusce posuere felis sed lacus. Morbi sem mauris, laoreet ut, rhoncus aliquet, pulvinar sed, nisl. Nunc rhoncus dui vel sem.', 'Crimson', '2023-11-14 18:28:41', 'Aubrie', '2023-02-12 05:50:19', 'Rosabelle');
insert into article (user_id, title, description, hashtag, created_at, created_by, modified_at, modified_by) values ('uno2', 'Mauris ullamcorper purus sit amet nulla.', 'In quis justo. Maecenas rhoncus aliquam lacus. Morbi quis tortor id nulla ultrices aliquet.', 'Violet', '2023-03-12 21:00:03', 'Modesta', '2023-01-29 03:16:08', 'Jessi');
insert into article (user_id, title, description, hashtag, created_at, created_by, modified_at, modified_by) values ('uno2', 'Nulla neque libero, convallis eget, eleifend luctus, ultricies eu, nibh.', 'Aenean fermentum. Donec ut mauris eget massa tempor convallis. Nulla neque libero, convallis eget, eleifend luctus, ultricies eu, nibh.', 'Purple', '2023-03-18 00:35:11', 'Katuscha', '2023-05-10 16:18:16', 'Gaby');
insert into article (user_id, title, description, hashtag, created_at, created_by, modified_at, modified_by) values ('uno2', 'Mauris enim leo, rhoncus sed, vestibulum sit amet, cursus id, turpis.', 'Morbi porttitor lorem id ligula. Suspendisse ornare consequat lectus. In est risus, auctor sed, tristique in, tempus sit amet, sem.', 'Yellow', '2023-06-21 22:06:24', 'Rozamond', '2023-06-02 21:29:02', 'Caddric');
insert into article (user_id, title, description, hashtag, created_at, created_by, modified_at, modified_by) values ('uno2', 'Donec vitae nisi.', 'Vestibulum ac est lacinia nisi venenatis tristique. Fusce congue, diam id ornare imperdiet, sapien urna pretium nisl, ut volutpat sapien arcu sed augue. Aliquam erat volutpat.', 'Yellow', '2023-07-15 18:18:02', 'Myriam', '2023-06-28 13:40:51', 'Glennis');
insert into article (user_id, title, description, hashtag, created_at, created_by, modified_at, modified_by) values ('uno2', 'In quis justo.', 'Proin leo odio, porttitor id, consequat in, consequat ut, nulla. Sed accumsan felis. Ut at dolor quis odio consequat varius.', 'Teal', '2023-08-17 11:57:40', 'Hildy', '2022-12-08 18:13:51', 'Modestia');
insert into article (user_id, title, description, hashtag, created_at, created_by, modified_at, modified_by) values ('uno', 'In congue.', 'Cum sociis natoque penatibus et magnis dis parturient montes, nascetur ridiculus mus. Vivamus vestibulum sagittis sapien. Cum sociis natoque penatibus et magnis dis parturient montes, nascetur ridiculus mus.', 'Orange', '2023-09-01 17:33:27', 'Coralie', '2023-08-07 19:11:38', 'Lynnett');
insert into article (user_id, title, description, hashtag, created_at, created_by, modified_at, modified_by) values ('uno2', 'Vestibulum ante ipsum primis in faucibus orci luctus et ultrices posuere cubilia Curae; Duis faucibus accumsan odio.', 'Donec diam neque, vestibulum eget, vulputate ut, ultrices vel, augue. Vestibulum ante ipsum primis in faucibus orci luctus et ultrices posuere cubilia Curae; Donec pharetra, magna vestibulum aliquet ultrices, erat tortor sollicitudin mi, sit amet lobortis sapien sapien non mi. Integer ac neque.', 'Goldenrod', '2023-06-01 12:25:34', 'Roxane', '2023-10-06 21:29:24', 'Anabelle');
insert into article (user_id, title, description, hashtag, created_at, created_by, modified_at, modified_by) values ('uno', 'Mauris ullamcorper purus sit amet nulla.', 'Etiam vel augue. Vestibulum rutrum rutrum neque. Aenean auctor gravida sem.', 'Goldenrod', '2023-08-11 12:08:04', 'Shel', '2023-02-17 03:46:34', 'Dorothee');
insert into article (user_id, title, description, hashtag, created_at, created_by, modified_at, modified_by) values ('uno2', 'Phasellus id sapien in sapien iaculis congue.', 'Duis aliquam convallis nunc. Proin at turpis a pede posuere nonummy. Integer non velit.', 'Maroon', '2023-02-10 00:11:21', 'Elana', '2023-10-09 08:20:00', 'Mellisa');
insert into article (user_id, title, description, hashtag, created_at, created_by, modified_at, modified_by) values ('uno', 'Pellentesque viverra pede ac diam.', 'Cum sociis natoque penatibus et magnis dis parturient montes, nascetur ridiculus mus. Vivamus vestibulum sagittis sapien. Cum sociis natoque penatibus et magnis dis parturient montes, nascetur ridiculus mus.', 'Indigo', '2023-01-28 19:29:02', 'Bobbi', '2023-02-17 02:29:06', 'Giovanna');
insert into article (user_id, title, description, hashtag, created_at, created_by, modified_at, modified_by) values ('uno', 'Praesent blandit.', 'Nullam porttitor lacus at turpis. Donec posuere metus vitae ipsum. Aliquam non mauris.', 'Pink', '2023-02-10 05:44:40', 'Ginnifer', '2023-01-03 20:07:52', 'Janeta');
insert into article (user_id, title, description, hashtag, created_at, created_by, modified_at, modified_by) values ('uno2', 'Vivamus vel nulla eget eros elementum pellentesque.', 'Nam ultrices, libero non mattis pulvinar, nulla pede ullamcorper augue, a suscipit nulla elit ac nulla. Sed vel enim sit amet nunc viverra dapibus. Nulla suscipit ligula in lacus.', 'Teal', '2023-04-29 13:46:37', 'Devinne', '2023-03-29 21:33:29', 'Alonzo');
insert into article (user_id, title, description, hashtag, created_at, created_by, modified_at, modified_by) values ('uno', 'Donec quis orci eget orci vehicula condimentum.', 'Praesent id massa id nisl venenatis lacinia. Aenean sit amet justo. Morbi ut odio.', 'Blue', '2023-10-04 04:37:32', 'Heath', '2023-06-11 09:25:37', 'Marijo');
insert into article (user_id, title, description, hashtag, created_at, created_by, modified_at, modified_by) values ('uno2', 'Morbi sem mauris, laoreet ut, rhoncus aliquet, pulvinar sed, nisl.', 'Donec diam neque, vestibulum eget, vulputate ut, ultrices vel, augue. Vestibulum ante ipsum primis in faucibus orci luctus et ultrices posuere cubilia Curae; Donec pharetra, magna vestibulum aliquet ultrices, erat tortor sollicitudin mi, sit amet lobortis sapien sapien non mi. Integer ac neque.', 'Purple', '2023-02-10 12:20:46', 'Shoshana', '2023-05-15 14:07:28', 'Benji');
insert into article (user_id, title, description, hashtag, created_at, created_by, modified_at, modified_by) values ('uno', 'Nullam varius.', 'Duis aliquam convallis nunc. Proin at turpis a pede posuere nonummy. Integer non velit.', 'Yellow', '2023-08-30 21:15:56', 'Josefina', '2023-08-23 05:49:11', 'Camile');
insert into article (user_id, title, description, hashtag, created_at, created_by, modified_at, modified_by) values ('uno', 'Morbi quis tortor id nulla ultrices aliquet.', 'Sed ante. Vivamus tortor. Duis mattis egestas metus.', 'Violet', '2023-06-16 21:32:31', 'Chrissie', '2023-10-01 00:48:34', 'Nigel');
insert into article (user_id, title, description, hashtag, created_at, created_by, modified_at, modified_by) values ('uno', 'Sed accumsan felis.', 'Aenean lectus. Pellentesque eget nunc. Donec quis orci eget orci vehicula condimentum.', 'Aquamarine', '2023-04-22 08:31:36', 'Peggy', '2023-05-28 12:46:01', 'Nial');
insert into article (user_id, title, description, hashtag, created_at, created_by, modified_at, modified_by) values ('uno2', 'Fusce congue, diam id ornare imperdiet, sapien urna pretium nisl, ut volutpat sapien arcu sed augue.', 'Duis aliquam convallis nunc. Proin at turpis a pede posuere nonummy. Integer non velit.', 'Khaki', '2023-01-01 04:31:53', 'Georgia', '2023-07-28 01:52:14', 'Mack');
insert into article (user_id, title, description, hashtag, created_at, created_by, modified_at, modified_by) values ('uno2', 'Maecenas ut massa quis augue luctus tincidunt.', 'Praesent blandit. Nam nulla. Integer pede justo, lacinia eget, tincidunt eget, tempus vel, pede.', 'Red', '2023-01-23 03:34:38', 'Pauletta', '2023-03-07 00:44:58', 'Meagan');
insert into article (user_id, title, description, hashtag, created_at, created_by, modified_at, modified_by) values ('uno2', 'Phasellus id sapien in sapien iaculis congue.', 'Maecenas leo odio, condimentum id, luctus nec, molestie sed, justo. Pellentesque viverra pede ac diam. Cras pellentesque volutpat dui.', 'Violet', '2023-05-04 15:32:33', 'Sabra', '2023-08-20 13:29:17', 'Kirbee');
insert into article (user_id, title, description, hashtag, created_at, created_by, modified_at, modified_by) values ('uno', 'Aenean lectus.', 'Mauris enim leo, rhoncus sed, vestibulum sit amet, cursus id, turpis. Integer aliquet, massa id lobortis convallis, tortor risus dapibus augue, vel accumsan tellus nisi eu orci. Mauris lacinia sapien quis libero.', 'Aquamarine', '2023-02-13 16:06:29', 'Patsy', '2023-08-12 12:53:26', 'Lammond');
insert into article (user_id, title, description, hashtag, created_at, created_by, modified_at, modified_by) values ('uno', 'Pellentesque viverra pede ac diam.', 'Lorem ipsum dolor sit amet, consectetuer adipiscing elit. Proin risus. Praesent lectus.', 'Mauv', '2023-11-24 20:40:55', 'Othelia', '2023-09-03 19:25:55', 'Morena');
insert into article (user_id, title, description, hashtag, created_at, created_by, modified_at, modified_by) values ('uno2', 'Morbi sem mauris, laoreet ut, rhoncus aliquet, pulvinar sed, nisl.', 'Phasellus in felis. Donec semper sapien a libero. Nam dui.', 'Maroon', '2023-06-25 19:44:41', 'Lauretta', '2023-07-29 23:32:43', 'Wyn');
insert into article (user_id, title, description, hashtag, created_at, created_by, modified_at, modified_by) values ('uno', 'Quisque erat eros, viverra eget, congue eget, semper rutrum, nulla.', 'Cras non velit nec nisi vulputate nonummy. Maecenas tincidunt lacus at velit. Vivamus vel nulla eget eros elementum pellentesque.', 'Blue', '2023-11-19 00:18:21', 'Jinny', '2023-03-13 22:40:01', 'Lacey');
insert into article (user_id, title, description, hashtag, created_at, created_by, modified_at, modified_by) values ('uno', 'Donec semper sapien a libero.', 'Suspendisse potenti. In eleifend quam a odio. In hac habitasse platea dictumst.', 'Teal', '2023-07-14 04:08:23', 'Charity', '2023-08-18 09:52:57', 'Phyllys');
insert into article (user_id, title, description, hashtag, created_at, created_by, modified_at, modified_by) values ('uno2', 'In blandit ultrices enim.', 'Duis bibendum, felis sed interdum venenatis, turpis enim blandit mi, in porttitor pede justo eu massa. Donec dapibus. Duis at velit eu est congue elementum.', 'Goldenrod', '2023-11-15 14:57:30', 'Audrie', '2023-11-16 14:59:22', 'Jolynn');
insert into article (user_id, title, description, hashtag, created_at, created_by, modified_at, modified_by) values ('uno2', 'Fusce consequat.', 'Lorem ipsum dolor sit amet, consectetuer adipiscing elit. Proin risus. Praesent lectus.', 'Violet', '2023-03-13 19:03:17', 'Mathilde', '2023-09-29 07:04:23', 'Jacobo');
insert into article (user_id, title, description, hashtag, created_at, created_by, modified_at, modified_by) values ('uno', 'Fusce consequat.', 'Aliquam quis turpis eget elit sodales scelerisque. Mauris sit amet eros. Suspendisse accumsan tortor quis turpis.', 'Goldenrod', '2023-06-23 13:21:36', 'Freddie', '2023-02-28 07:46:59', 'Sheilakathryn');
insert into article (user_id, title, description, hashtag, created_at, created_by, modified_at, modified_by) values ('uno2', 'Ut at dolor quis odio consequat varius.', 'Praesent blandit. Nam nulla. Integer pede justo, lacinia eget, tincidunt eget, tempus vel, pede.', 'Khaki', '2023-04-29 06:12:36', 'Ainslee', '2023-09-06 03:37:02', 'Sherlocke');
insert into article (user_id, title, description, hashtag, created_at, created_by, modified_at, modified_by) values ('uno2', 'Lorem ipsum dolor sit amet, consectetuer adipiscing elit.', 'Duis bibendum. Morbi non quam nec dui luctus rutrum. Nulla tellus.', 'Blue', '2023-03-26 08:59:37', 'Fanny', '2023-02-11 02:44:33', 'Esme');
insert into article (user_id, title, description, hashtag, created_at, created_by, modified_at, modified_by) values ('uno2', 'Lorem ipsum dolor sit amet, consectetuer adipiscing elit.', 'Fusce posuere felis sed lacus. Morbi sem mauris, laoreet ut, rhoncus aliquet, pulvinar sed, nisl. Nunc rhoncus dui vel sem.', 'Blue', '2023-08-25 17:46:05', 'Lusa', '2023-07-12 07:17:35', 'Jaine');
insert into article (user_id, title, description, hashtag, created_at, created_by, modified_at, modified_by) values ('uno2', 'Duis bibendum, felis sed interdum venenatis, turpis enim blandit mi, in porttitor pede justo eu massa.', 'Curabitur at ipsum ac tellus semper interdum. Mauris ullamcorper purus sit amet nulla. Quisque arcu libero, rutrum ac, lobortis vel, dapibus at, diam.', 'Puce', '2023-05-13 09:52:18', 'Lucky', '2023-09-24 07:09:04', 'Tonia');
insert into article (user_id, title, description, hashtag, created_at, created_by, modified_at, modified_by) values ('uno', 'Morbi non quam nec dui luctus rutrum.', 'Aenean fermentum. Donec ut mauris eget massa tempor convallis. Nulla neque libero, convallis eget, eleifend luctus, ultricies eu, nibh.', 'Goldenrod', '2023-02-19 12:13:14', 'Miriam', '2023-07-06 23:36:15', 'Hinda');
insert into article (user_id, title, description, hashtag, created_at, created_by, modified_at, modified_by) values ('uno', 'In hac habitasse platea dictumst.', 'Quisque id justo sit amet sapien dignissim vestibulum. Vestibulum ante ipsum primis in faucibus orci luctus et ultrices posuere cubilia Curae; Nulla dapibus dolor vel est. Donec odio justo, sollicitudin ut, suscipit a, feugiat et, eros.', 'Khaki', '2023-01-24 01:18:02', 'Nancee', '2023-05-09 20:06:38', 'Timmi');
insert into article (user_id, title, description, hashtag, created_at, created_by, modified_at, modified_by) values ('uno', 'Fusce posuere felis sed lacus.', 'Integer ac leo. Pellentesque ultrices mattis odio. Donec vitae nisi.', 'Crimson', '2023-06-18 18:42:11', 'Sandye', '2023-03-24 11:30:34', 'Sarge');
insert into article (user_id, title, description, hashtag, created_at, created_by, modified_at, modified_by) values ('uno', 'Suspendisse accumsan tortor quis turpis.', 'Nullam sit amet turpis elementum ligula vehicula consequat. Morbi a ipsum. Integer a nibh.', 'Purple', '2023-10-28 16:18:01', 'Cam', '2023-01-24 19:55:49', 'Malva');
insert into article (user_id, title, description, hashtag, created_at, created_by, modified_at, modified_by) values ('uno', 'Morbi odio odio, elementum eu, interdum eu, tincidunt in, leo.', 'Praesent blandit. Nam nulla. Integer pede justo, lacinia eget, tincidunt eget, tempus vel, pede.', 'Fuscia', '2023-06-08 22:41:16', 'Hortensia', '2023-04-09 16:34:09', 'Alleyn');
insert into article (user_id, title, description, hashtag, created_at, created_by, modified_at, modified_by) values ('uno2', 'Nunc purus.', 'Maecenas leo odio, condimentum id, luctus nec, molestie sed, justo. Pellentesque viverra pede ac diam. Cras pellentesque volutpat dui.', 'Teal', '2023-01-06 08:50:59', 'Violetta', '2023-08-29 21:51:08', 'Fielding');
insert into article (user_id, title, description, hashtag, created_at, created_by, modified_at, modified_by) values ('uno2', 'Nunc rhoncus dui vel sem.', 'Integer tincidunt ante vel ipsum. Praesent blandit lacinia erat. Vestibulum sed magna at nunc commodo placerat.', 'Fuscia', '2023-09-27 12:21:13', 'Merrily', '2023-10-21 02:12:29', 'Lenette');
insert into article (user_id, title, description, hashtag, created_at, created_by, modified_at, modified_by) values ('uno', 'Vestibulum sed magna at nunc commodo placerat.', 'Nam ultrices, libero non mattis pulvinar, nulla pede ullamcorper augue, a suscipit nulla elit ac nulla. Sed vel enim sit amet nunc viverra dapibus. Nulla suscipit ligula in lacus.', 'Blue', '2023-07-06 20:45:31', 'Leonore', '2023-06-07 08:22:17', 'Adriena');
insert into article (user_id, title, description, hashtag, created_at, created_by, modified_at, modified_by) values ('uno2', 'Vestibulum ante ipsum primis in faucibus orci luctus et ultrices posuere cubilia Curae; Donec pharetra, magna vestibulum aliquet ultrices, erat tortor sollicitudin mi, sit amet lobortis sapien sapien non mi.', 'Fusce posuere felis sed lacus. Morbi sem mauris, laoreet ut, rhoncus aliquet, pulvinar sed, nisl. Nunc rhoncus dui vel sem.', 'Indigo', '2023-03-22 17:48:20', 'Amara', '2023-05-11 21:43:43', 'Munmro');
insert into article (user_id, title, description, hashtag, created_at, created_by, modified_at, modified_by) values ('uno', 'Cum sociis natoque penatibus et magnis dis parturient montes, nascetur ridiculus mus.', 'In sagittis dui vel nisl. Duis ac nibh. Fusce lacus purus, aliquet at, feugiat non, pretium quis, lectus.', 'Pink', '2023-06-24 20:59:52', 'Florie', '2023-04-24 09:39:01', 'Carl');
insert into article (user_id, title, description, hashtag, created_at, created_by, modified_at, modified_by) values ('uno', 'Aliquam augue quam, sollicitudin vitae, consectetuer eget, rutrum at, lorem.', 'Mauris enim leo, rhoncus sed, vestibulum sit amet, cursus id, turpis. Integer aliquet, massa id lobortis convallis, tortor risus dapibus augue, vel accumsan tellus nisi eu orci. Mauris lacinia sapien quis libero.', 'Aquamarine', '2023-08-25 16:41:25', 'Billie', '2022-11-30 21:21:45', 'Dierdre');
insert into article (user_id, title, description, hashtag, created_at, created_by, modified_at, modified_by) values ('uno', 'Proin risus.', 'Cum sociis natoque penatibus et magnis dis parturient montes, nascetur ridiculus mus. Vivamus vestibulum sagittis sapien. Cum sociis natoque penatibus et magnis dis parturient montes, nascetur ridiculus mus.', 'Teal', '2023-11-12 00:19:31', 'Fidelia', '2023-10-05 15:35:13', 'Jessamyn');
insert into article (user_id, title, description, hashtag, created_at, created_by, modified_at, modified_by) values ('uno', 'Vestibulum rutrum rutrum neque.', 'Fusce consequat. Nulla nisl. Nunc nisl.', 'Puce', '2023-01-07 00:27:17', 'Dionne', '2023-01-19 19:30:11', 'Pace');
insert into article (user_id, title, description, hashtag, created_at, created_by, modified_at, modified_by) values ('uno2', 'Maecenas leo odio, condimentum id, luctus nec, molestie sed, justo.', 'Phasellus in felis. Donec semper sapien a libero. Nam dui.', 'Orange', '2022-11-29 23:40:41', 'Nikki', '2023-01-26 20:36:10', 'Layney');
insert into article (user_id, title, description, hashtag, created_at, created_by, modified_at, modified_by) values ('uno2', 'Cras pellentesque volutpat dui.', 'Cras mi pede, malesuada in, imperdiet et, commodo vulputate, justo. In blandit ultrices enim. Lorem ipsum dolor sit amet, consectetuer adipiscing elit.', 'Orange', '2023-10-20 17:57:52', 'Hazel', '2023-10-15 04:41:40', 'Horatia');
insert into article (user_id, title, description, hashtag, created_at, created_by, modified_at, modified_by) values ('uno', 'Maecenas tincidunt lacus at velit.', 'Duis aliquam convallis nunc. Proin at turpis a pede posuere nonummy. Integer non velit.', 'Puce', '2023-02-05 21:41:50', 'Ebba', '2023-01-02 00:03:46', 'Mariele');
insert into article (user_id, title, description, hashtag, created_at, created_by, modified_at, modified_by) values ('uno2', 'Maecenas leo odio, condimentum id, luctus nec, molestie sed, justo.', 'Cras non velit nec nisi vulputate nonummy. Maecenas tincidunt lacus at velit. Vivamus vel nulla eget eros elementum pellentesque.', 'Teal', '2023-08-25 14:53:46', 'Belinda', '2023-07-02 12:14:09', 'Fidel');
insert into article (user_id, title, description, hashtag, created_at, created_by, modified_at, modified_by) values ('uno2', 'Aliquam quis turpis eget elit sodales scelerisque.', 'Nullam porttitor lacus at turpis. Donec posuere metus vitae ipsum. Aliquam non mauris.', 'Red', '2023-10-12 07:14:25', 'Michelle', '2023-05-08 13:39:14', 'Ginelle');
insert into article (user_id, title, description, hashtag, created_at, created_by, modified_at, modified_by) values ('uno', 'Vestibulum rutrum rutrum neque.', 'Praesent blandit. Nam nulla. Integer pede justo, lacinia eget, tincidunt eget, tempus vel, pede.', 'Orange', '2022-12-16 21:38:03', 'Viva', '2023-09-20 08:00:54', 'Palm');
insert into article (user_id, title, description, hashtag, created_at, created_by, modified_at, modified_by) values ('uno2', 'Aliquam quis turpis eget elit sodales scelerisque.', 'Morbi porttitor lorem id ligula. Suspendisse ornare consequat lectus. In est risus, auctor sed, tristique in, tempus sit amet, sem.', 'Pink', '2023-10-14 23:04:40', 'Dannie', '2023-03-31 11:29:26', 'Dona');
insert into article (user_id, title, description, hashtag, created_at, created_by, modified_at, modified_by) values ('uno2', 'Phasellus sit amet erat.', 'In quis justo. Maecenas rhoncus aliquam lacus. Morbi quis tortor id nulla ultrices aliquet.', 'Violet', '2023-11-15 12:20:16', 'Dynah', '2023-04-03 00:17:45', 'Ingemar');
insert into article (user_id, title, description, hashtag, created_at, created_by, modified_at, modified_by) values ('uno2', 'Fusce posuere felis sed lacus.', 'Curabitur in libero ut massa volutpat convallis. Morbi odio odio, elementum eu, interdum eu, tincidunt in, leo. Maecenas pulvinar lobortis est.', 'Puce', '2022-12-30 16:14:09', 'Gayla', '2023-01-18 23:57:12', 'Ariela');
insert into article (user_id, title, description, hashtag, created_at, created_by, modified_at, modified_by) values ('uno', 'Nulla facilisi.', 'In hac habitasse platea dictumst. Morbi vestibulum, velit id pretium iaculis, diam erat fermentum justo, nec condimentum neque sapien placerat ante. Nulla justo.', 'Teal', '2023-03-25 02:37:16', 'Ardene', '2023-02-05 02:47:05', 'Caryn');
insert into article (user_id, title, description, hashtag, created_at, created_by, modified_at, modified_by) values ('uno2', 'Nam dui.', 'Aliquam quis turpis eget elit sodales scelerisque. Mauris sit amet eros. Suspendisse accumsan tortor quis turpis.', 'Turquoise', '2023-04-08 10:00:56', 'Valry', '2023-01-13 03:44:48', 'Philippine');
insert into article (user_id, title, description, hashtag, created_at, created_by, modified_at, modified_by) values ('uno', 'In est risus, auctor sed, tristique in, tempus sit amet, sem.', 'Aenean fermentum. Donec ut mauris eget massa tempor convallis. Nulla neque libero, convallis eget, eleifend luctus, ultricies eu, nibh.', 'Purple', '2023-05-14 20:29:45', 'Jacky', '2023-08-23 23:54:17', 'Nat');
insert into article (user_id, title, description, hashtag, created_at, created_by, modified_at, modified_by) values ('uno', 'Nulla justo.', 'Phasellus in felis. Donec semper sapien a libero. Nam dui.', 'Maroon', '2023-04-01 15:14:04', 'Morganica', '2023-07-03 11:57:40', 'Jenda');
insert into article (user_id, title, description, hashtag, created_at, created_by, modified_at, modified_by) values ('uno2', 'Nam nulla.', 'Cras non velit nec nisi vulputate nonummy. Maecenas tincidunt lacus at velit. Vivamus vel nulla eget eros elementum pellentesque.', 'Yellow', '2023-09-18 11:05:49', 'Blinny', '2023-07-19 08:33:21', 'Bruno');
insert into article (user_id, title, description, hashtag, created_at, created_by, modified_at, modified_by) values ('uno', 'Aliquam augue quam, sollicitudin vitae, consectetuer eget, rutrum at, lorem.', 'Proin eu mi. Nulla ac enim. In tempor, turpis nec euismod scelerisque, quam turpis adipiscing lorem, vitae mattis nibh ligula nec sem.', 'Aquamarine', '2023-06-30 14:08:40', 'Brittan', '2023-01-11 06:27:39', 'Keary');
insert into article (user_id, title, description, hashtag, created_at, created_by, modified_at, modified_by) values ('uno', 'Vivamus metus arcu, adipiscing molestie, hendrerit at, vulputate vitae, nisl.', 'Morbi porttitor lorem id ligula. Suspendisse ornare consequat lectus. In est risus, auctor sed, tristique in, tempus sit amet, sem.', 'Aquamarine', '2023-09-30 19:43:54', 'Terri-jo', '2023-04-12 13:32:20', 'Tris');
insert into article (user_id, title, description, hashtag, created_at, created_by, modified_at, modified_by) values ('uno2', 'Morbi non quam nec dui luctus rutrum.', 'Curabitur at ipsum ac tellus semper interdum. Mauris ullamcorper purus sit amet nulla. Quisque arcu libero, rutrum ac, lobortis vel, dapibus at, diam.', 'Aquamarine', '2023-01-15 02:27:57', 'Heddi', '2023-10-22 07:32:03', 'Gabrielle');
insert into article (user_id, title, description, hashtag, created_at, created_by, modified_at, modified_by) values ('uno2', 'Etiam vel augue.', 'Mauris enim leo, rhoncus sed, vestibulum sit amet, cursus id, turpis. Integer aliquet, massa id lobortis convallis, tortor risus dapibus augue, vel accumsan tellus nisi eu orci. Mauris lacinia sapien quis libero.', 'Teal', '2023-09-07 12:28:23', 'Lexis', '2023-07-24 21:56:23', 'Rosita');
insert into article (user_id, title, description, hashtag, created_at, created_by, modified_at, modified_by) values ('uno2', 'Mauris lacinia sapien quis libero.', 'Curabitur at ipsum ac tellus semper interdum. Mauris ullamcorper purus sit amet nulla. Quisque arcu libero, rutrum ac, lobortis vel, dapibus at, diam.', 'Orange', '2023-04-05 06:13:46', 'Mariejeanne', '2023-08-20 11:16:17', 'Maryanne');
insert into article (user_id, title, description, hashtag, created_at, created_by, modified_at, modified_by) values ('uno2', 'Donec diam neque, vestibulum eget, vulputate ut, ultrices vel, augue.', 'Cum sociis natoque penatibus et magnis dis parturient montes, nascetur ridiculus mus. Vivamus vestibulum sagittis sapien. Cum sociis natoque penatibus et magnis dis parturient montes, nascetur ridiculus mus.', 'Yellow', '2023-02-04 03:27:33', 'Avis', '2022-12-23 01:10:49', 'Kalindi');
insert into article (user_id, title, description, hashtag, created_at, created_by, modified_at, modified_by) values ('uno', 'Aliquam erat volutpat.', 'Integer tincidunt ante vel ipsum. Praesent blandit lacinia erat. Vestibulum sed magna at nunc commodo placerat.', 'Indigo', '2023-07-06 15:26:30', 'Elisabetta', '2023-05-05 06:38:32', 'Dukie');
insert into article (user_id, title, description, hashtag, created_at, created_by, modified_at, modified_by) values ('uno2', 'Maecenas tristique, est et tempus semper, est quam pharetra magna, ac consequat metus sapien ut nunc.', 'Phasellus in felis. Donec semper sapien a libero. Nam dui.', 'Green', '2023-08-11 08:38:24', 'Dorey', '2023-06-18 20:57:08', 'Renaldo');
insert into article (user_id, title, description, hashtag, created_at, created_by, modified_at, modified_by) values ('uno', 'Aliquam non mauris.', 'In sagittis dui vel nisl. Duis ac nibh. Fusce lacus purus, aliquet at, feugiat non, pretium quis, lectus.', 'Crimson', '2023-10-30 05:48:46', 'Shauna', '2023-05-21 20:34:24', 'Kristin');
insert into article (user_id, title, description, hashtag, created_at, created_by, modified_at, modified_by) values ('uno', 'Fusce lacus purus, aliquet at, feugiat non, pretium quis, lectus.', 'Vestibulum ac est lacinia nisi venenatis tristique. Fusce congue, diam id ornare imperdiet, sapien urna pretium nisl, ut volutpat sapien arcu sed augue. Aliquam erat volutpat.', 'Khaki', '2022-12-12 02:13:41', 'Natala', '2023-09-27 01:17:01', 'Carmencita');
insert into article (user_id, title, description, hashtag, created_at, created_by, modified_at, modified_by) values ('uno', 'Maecenas pulvinar lobortis est.', 'Morbi porttitor lorem id ligula. Suspendisse ornare consequat lectus. In est risus, auctor sed, tristique in, tempus sit amet, sem.', 'Purple', '2023-09-26 22:32:20', 'Bonnee', '2023-09-18 23:51:22', 'Rutter');
insert into article (user_id, title, description, hashtag, created_at, created_by, modified_at, modified_by) values ('uno', 'In hac habitasse platea dictumst.', 'Phasellus sit amet erat. Nulla tempus. Vivamus in felis eu sapien cursus vestibulum.', 'Orange', '2023-09-30 15:12:44', 'Corina', '2023-11-25 17:11:09', 'Stavro');
insert into article (user_id, title, description, hashtag, created_at, created_by, modified_at, modified_by) values ('uno2', 'Nunc nisl.', 'Aenean fermentum. Donec ut mauris eget massa tempor convallis. Nulla neque libero, convallis eget, eleifend luctus, ultricies eu, nibh.', 'Goldenrod', '2023-11-24 00:34:12', 'Vicki', '2023-02-09 15:40:23', 'Kath');
insert into article (user_id, title, description, hashtag, created_at, created_by, modified_at, modified_by) values ('uno2', 'Duis ac nibh.', 'Vestibulum quam sapien, varius ut, blandit non, interdum in, ante. Vestibulum ante ipsum primis in faucibus orci luctus et ultrices posuere cubilia Curae; Duis faucibus accumsan odio. Curabitur convallis.', 'Crimson', '2023-03-05 04:49:52', 'Alica', '2023-01-24 05:14:16', 'Emmit');
insert into article (user_id, title, description, hashtag, created_at, created_by, modified_at, modified_by) values ('uno2', 'In hac habitasse platea dictumst.', 'Curabitur gravida nisi at nibh. In hac habitasse platea dictumst. Aliquam augue quam, sollicitudin vitae, consectetuer eget, rutrum at, lorem.', 'Green', '2023-01-21 01:47:30', 'Pauly', '2023-05-12 07:51:48', 'Pincus');
insert into article (user_id, title, description, hashtag, created_at, created_by, modified_at, modified_by) values ('uno2', 'Maecenas leo odio, condimentum id, luctus nec, molestie sed, justo.', 'Donec diam neque, vestibulum eget, vulputate ut, ultrices vel, augue. Vestibulum ante ipsum primis in faucibus orci luctus et ultrices posuere cubilia Curae; Donec pharetra, magna vestibulum aliquet ultrices, erat tortor sollicitudin mi, sit amet lobortis sapien sapien non mi. Integer ac neque.', 'Crimson', '2023-11-24 07:05:43', 'Jessamyn', '2023-07-16 11:20:58', 'Tristan');
insert into article (user_id, title, description, hashtag, created_at, created_by, modified_at, modified_by) values ('uno2', 'Vivamus vel nulla eget eros elementum pellentesque.', 'Maecenas ut massa quis augue luctus tincidunt. Nulla mollis molestie lorem. Quisque ut erat.', 'Orange', '2023-08-14 03:36:45', 'Enid', '2023-08-10 23:55:46', 'Bucky');
insert into article (user_id, title, description, hashtag, created_at, created_by, modified_at, modified_by) values ('uno2', 'Donec posuere metus vitae ipsum.', 'In hac habitasse platea dictumst. Etiam faucibus cursus urna. Ut tellus.', 'Red', '2023-01-15 22:04:28', 'Flo', '2023-05-12 16:51:08', 'Richardo');
insert into article (user_id, title, description, hashtag, created_at, created_by, modified_at, modified_by) values ('uno', 'Nulla neque libero, convallis eget, eleifend luctus, ultricies eu, nibh.', 'Fusce consequat. Nulla nisl. Nunc nisl.', 'Purple', '2023-02-03 09:57:02', 'Franny', '2023-11-24 12:51:33', 'Tedman');
insert into article (user_id, title, description, hashtag, created_at, created_by, modified_at, modified_by) values ('uno2', 'Morbi odio odio, elementum eu, interdum eu, tincidunt in, leo.', 'Mauris enim leo, rhoncus sed, vestibulum sit amet, cursus id, turpis. Integer aliquet, massa id lobortis convallis, tortor risus dapibus augue, vel accumsan tellus nisi eu orci. Mauris lacinia sapien quis libero.', 'Puce', '2023-04-15 16:01:29', 'Vivie', '2023-06-13 19:44:10', 'Clem');
insert into article (user_id, title, description, hashtag, created_at, created_by, modified_at, modified_by) values ('uno2', 'Ut at dolor quis odio consequat varius.', 'Curabitur gravida nisi at nibh. In hac habitasse platea dictumst. Aliquam augue quam, sollicitudin vitae, consectetuer eget, rutrum at, lorem.', 'Puce', '2023-09-17 15:41:31', 'Kelli', '2023-09-30 08:16:17', 'Haley');
insert into article (user_id, title, description, hashtag, created_at, created_by, modified_at, modified_by) values ('uno', 'Maecenas tristique, est et tempus semper, est quam pharetra magna, ac consequat metus sapien ut nunc.', 'Pellentesque at nulla. Suspendisse potenti. Cras in purus eu magna vulputate luctus.', 'Turquoise', '2023-10-06 06:55:19', 'Anneliese', '2023-05-29 15:19:19', 'Jesse');
insert into article (user_id, title, description, hashtag, created_at, created_by, modified_at, modified_by) values ('uno', 'Suspendisse ornare consequat lectus.', 'Praesent id massa id nisl venenatis lacinia. Aenean sit amet justo. Morbi ut odio.', 'Khaki', '2022-12-15 01:34:23', 'Alfreda', '2023-06-18 21:33:08', 'Bear');
insert into article (user_id, title, description, hashtag, created_at, created_by, modified_at, modified_by) values ('uno2', 'Donec ut mauris eget massa tempor convallis.', 'In quis justo. Maecenas rhoncus aliquam lacus. Morbi quis tortor id nulla ultrices aliquet.', 'Blue', '2023-09-18 03:07:14', 'Lacey', '2023-10-15 16:05:05', 'Dugald');
insert into article (user_id, title, description, hashtag, created_at, created_by, modified_at, modified_by) values ('uno', 'Donec posuere metus vitae ipsum.', 'In congue. Etiam justo. Etiam pretium iaculis justo.', 'Blue', '2023-10-10 14:56:44', 'Hedvig', '2023-08-25 09:33:30', 'Prudence');
insert into article (user_id, title, description, hashtag, created_at, created_by, modified_at, modified_by) values ('uno2', 'Etiam pretium iaculis justo.', 'Integer tincidunt ante vel ipsum. Praesent blandit lacinia erat. Vestibulum sed magna at nunc commodo placerat.', 'Fuscia', '2023-09-22 03:31:51', 'Sibella', '2023-05-10 22:25:20', 'Gasparo');
insert into article (user_id, title, description, hashtag, created_at, created_by, modified_at, modified_by) values ('uno2', 'In hac habitasse platea dictumst.', 'Duis consequat dui nec nisi volutpat eleifend. Donec ut dolor. Morbi vel lectus in quam fringilla rhoncus.', 'Pink', '2023-09-26 19:32:51', 'Anitra', '2023-05-26 20:35:34', 'Arch');
insert into article (user_id, title, description, hashtag, created_at, created_by, modified_at, modified_by) values ('uno2', 'Vivamus metus arcu, adipiscing molestie, hendrerit at, vulputate vitae, nisl.', 'Nam ultrices, libero non mattis pulvinar, nulla pede ullamcorper augue, a suscipit nulla elit ac nulla. Sed vel enim sit amet nunc viverra dapibus. Nulla suscipit ligula in lacus.', 'Aquamarine', '2023-02-12 10:10:48', 'Margery', '2023-04-13 20:36:51', 'Dotti');
insert into article (user_id, title, description, hashtag, created_at, created_by, modified_at, modified_by) values ('uno', 'Aliquam non mauris.', 'Duis bibendum, felis sed interdum venenatis, turpis enim blandit mi, in porttitor pede justo eu massa. Donec dapibus. Duis at velit eu est congue elementum.', 'Mauv', '2023-06-03 13:15:00', 'Iolande', '2023-11-24 18:02:43', 'Yovonnda');
insert into article (user_id, title, description, hashtag, created_at, created_by, modified_at, modified_by) values ('uno', 'Donec odio justo, sollicitudin ut, suscipit a, feugiat et, eros.', 'Morbi porttitor lorem id ligula. Suspendisse ornare consequat lectus. In est risus, auctor sed, tristique in, tempus sit amet, sem.', 'Pink', '2023-04-03 11:45:35', 'Andy', '2022-12-23 12:13:46', 'Janos');
insert into article (user_id, title, description, hashtag, created_at, created_by, modified_at, modified_by) values ('uno2', 'Aliquam augue quam, sollicitudin vitae, consectetuer eget, rutrum at, lorem.', 'Nullam sit amet turpis elementum ligula vehicula consequat. Morbi a ipsum. Integer a nibh.', 'Blue', '2023-09-03 10:44:41', 'Hyacinthia', '2023-08-09 14:26:26', 'Deanne');
insert into article (user_id, title, description, hashtag, created_at, created_by, modified_at, modified_by) values ('uno2', 'Aliquam augue quam, sollicitudin vitae, consectetuer eget, rutrum at, lorem.', 'In quis justo. Maecenas rhoncus aliquam lacus. Morbi quis tortor id nulla ultrices aliquet.', 'Green', '2023-06-10 07:08:14', 'Cammi', '2023-08-03 22:33:01', 'Hailee');
insert into article (user_id, title, description, hashtag, created_at, created_by, modified_at, modified_by) values ('uno', 'Nullam orci pede, venenatis non, sodales sed, tincidunt eu, felis.', 'Nullam porttitor lacus at turpis. Donec posuere metus vitae ipsum. Aliquam non mauris.', 'Indigo', '2023-04-27 05:06:22', 'Leonie', '2023-03-20 07:58:30', 'Dayna');
insert into article (user_id, title, description, hashtag, created_at, created_by, modified_at, modified_by) values ('uno', 'Pellentesque eget nunc.', 'Donec diam neque, vestibulum eget, vulputate ut, ultrices vel, augue. Vestibulum ante ipsum primis in faucibus orci luctus et ultrices posuere cubilia Curae; Donec pharetra, magna vestibulum aliquet ultrices, erat tortor sollicitudin mi, sit amet lobortis sapien sapien non mi. Integer ac neque.', 'Orange', '2023-09-02 16:39:08', 'Faythe', '2023-10-25 17:42:01', 'Davidson');
insert into article (user_id, title, description, hashtag, created_at, created_by, modified_at, modified_by) values ('uno2', 'Integer non velit.', 'Sed ante. Vivamus tortor. Duis mattis egestas metus.', 'Yellow', '2023-01-17 01:54:54', 'Gianina', '2023-05-23 13:46:02', 'Ramsay');
insert into article (user_id, title, description, hashtag, created_at, created_by, modified_at, modified_by) values ('uno2', 'Etiam justo.', 'In hac habitasse platea dictumst. Morbi vestibulum, velit id pretium iaculis, diam erat fermentum justo, nec condimentum neque sapien placerat ante. Nulla justo.', 'Goldenrod', '2023-04-15 20:00:30', 'Charlot', '2023-11-19 08:34:21', 'Tamma');
insert into article (user_id, title, description, hashtag, created_at, created_by, modified_at, modified_by) values ('uno', 'Vivamus vestibulum sagittis sapien.', 'Praesent blandit. Nam nulla. Integer pede justo, lacinia eget, tincidunt eget, tempus vel, pede.', 'Turquoise', '2023-11-06 23:28:15', 'Lisette', '2023-04-14 12:49:45', 'Aldin');
insert into article (user_id, title, description, hashtag, created_at, created_by, modified_at, modified_by) values ('uno', 'Vivamus vel nulla eget eros elementum pellentesque.', 'Cum sociis natoque penatibus et magnis dis parturient montes, nascetur ridiculus mus. Vivamus vestibulum sagittis sapien. Cum sociis natoque penatibus et magnis dis parturient montes, nascetur ridiculus mus.', 'Turquoise', '2023-09-20 23:29:10', 'Jillian', '2023-06-02 11:15:35', 'Elbertine');
insert into article (user_id, title, description, hashtag, created_at, created_by, modified_at, modified_by) values ('uno2', 'Cras in purus eu magna vulputate luctus.', 'Curabitur gravida nisi at nibh. In hac habitasse platea dictumst. Aliquam augue quam, sollicitudin vitae, consectetuer eget, rutrum at, lorem.', 'Indigo', '2023-04-19 03:23:37', 'Pauline', '2023-06-14 18:07:30', 'Shane');
insert into article (user_id, title, description, hashtag, created_at, created_by, modified_at, modified_by) values ('uno', 'Integer aliquet, massa id lobortis convallis, tortor risus dapibus augue, vel accumsan tellus nisi eu orci.', 'Phasellus sit amet erat. Nulla tempus. Vivamus in felis eu sapien cursus vestibulum.', 'Maroon', '2023-09-17 21:16:55', 'Flore', '2023-04-28 16:54:14', 'Germayne');
insert into article (user_id, title, description, hashtag, created_at, created_by, modified_at, modified_by) values ('uno2', 'Quisque id justo sit amet sapien dignissim vestibulum.', 'Fusce posuere felis sed lacus. Morbi sem mauris, laoreet ut, rhoncus aliquet, pulvinar sed, nisl. Nunc rhoncus dui vel sem.', 'Crimson', '2023-06-13 02:39:28', 'Inga', '2023-03-31 16:13:22', 'Dev');
insert into article (user_id, title, description, hashtag, created_at, created_by, modified_at, modified_by) values ('uno', 'Vestibulum sed magna at nunc commodo placerat.', 'Proin interdum mauris non ligula pellentesque ultrices. Phasellus id sapien in sapien iaculis congue. Vivamus metus arcu, adipiscing molestie, hendrerit at, vulputate vitae, nisl.', 'Red', '2023-02-21 03:05:10', 'Leta', '2023-03-14 18:18:03', 'Leah');
insert into article (user_id, title, description, hashtag, created_at, created_by, modified_at, modified_by) values ('uno2', 'Morbi sem mauris, laoreet ut, rhoncus aliquet, pulvinar sed, nisl.', 'Integer ac leo. Pellentesque ultrices mattis odio. Donec vitae nisi.', 'Blue', '2023-02-15 12:26:11', 'Janenna', '2023-10-06 17:15:11', 'Louie');
insert into article (user_id, title, description, hashtag, created_at, created_by, modified_at, modified_by) values ('uno', 'Vestibulum ac est lacinia nisi venenatis tristique.', 'Sed sagittis. Nam congue, risus semper porta volutpat, quam pede lobortis ligula, sit amet eleifend pede libero quis orci. Nullam molestie nibh in lectus.', 'Turquoise', '2023-04-20 08:11:06', 'Myriam', '2023-03-29 06:02:13', 'Olivette');
insert into article (user_id, title, description, hashtag, created_at, created_by, modified_at, modified_by) values ('uno2', 'Donec quis orci eget orci vehicula condimentum.', 'Praesent blandit. Nam nulla. Integer pede justo, lacinia eget, tincidunt eget, tempus vel, pede.', 'Teal', '2023-04-29 06:53:22', 'Alena', '2023-07-28 09:00:57', 'Garrett');
insert into article (user_id, title, description, hashtag, created_at, created_by, modified_at, modified_by) values ('uno2', 'Vestibulum ante ipsum primis in faucibus orci luctus et ultrices posuere cubilia Curae; Mauris viverra diam vitae quam.', 'Donec diam neque, vestibulum eget, vulputate ut, ultrices vel, augue. Vestibulum ante ipsum primis in faucibus orci luctus et ultrices posuere cubilia Curae; Donec pharetra, magna vestibulum aliquet ultrices, erat tortor sollicitudin mi, sit amet lobortis sapien sapien non mi. Integer ac neque.', 'Violet', '2023-02-20 21:57:39', 'Emlynne', '2023-09-06 06:36:17', 'Dara');
insert into article (user_id, title, description, hashtag, created_at, created_by, modified_at, modified_by) values ('uno', 'Nam congue, risus semper porta volutpat, quam pede lobortis ligula, sit amet eleifend pede libero quis orci.', 'Nullam porttitor lacus at turpis. Donec posuere metus vitae ipsum. Aliquam non mauris.', 'Maroon', '2023-06-05 09:34:59', 'Maribeth', '2022-11-29 08:45:26', 'Emmalyn');
insert into article (user_id, title, description, hashtag, created_at, created_by, modified_at, modified_by) values ('uno', 'Donec ut mauris eget massa tempor convallis.', 'Sed ante. Vivamus tortor. Duis mattis egestas metus.', 'Orange', '2023-04-07 14:37:30', 'Elbertine', '2023-05-28 17:16:03', 'Bern');
insert into article (user_id, title, description, hashtag, created_at, created_by, modified_at, modified_by) values ('uno', 'Fusce posuere felis sed lacus.', 'Aenean fermentum. Donec ut mauris eget massa tempor convallis. Nulla neque libero, convallis eget, eleifend luctus, ultricies eu, nibh.', 'Violet', '2023-04-24 04:23:01', 'Aloysia', '2023-07-14 18:01:40', 'Amalea');
insert into article (user_id, title, description, hashtag, created_at, created_by, modified_at, modified_by) values ('uno2', 'Nulla justo.', 'Maecenas tristique, est et tempus semper, est quam pharetra magna, ac consequat metus sapien ut nunc. Vestibulum ante ipsum primis in faucibus orci luctus et ultrices posuere cubilia Curae; Mauris viverra diam vitae quam. Suspendisse potenti.', 'Pink', '2023-04-29 08:15:02', 'Ryann', '2023-09-05 02:29:51', 'Gwenore');
insert into article (user_id, title, description, hashtag, created_at, created_by, modified_at, modified_by) values ('uno', 'Nullam molestie nibh in lectus.', 'Phasellus in felis. Donec semper sapien a libero. Nam dui.', 'Mauv', '2023-03-31 07:16:21', 'Liesa', '2023-11-06 02:37:04', 'Ninetta');
insert into article (user_id, title, description, hashtag, created_at, created_by, modified_at, modified_by) values ('uno', 'Fusce posuere felis sed lacus.', 'Integer tincidunt ante vel ipsum. Praesent blandit lacinia erat. Vestibulum sed magna at nunc commodo placerat.', 'Turquoise', '2023-01-19 18:35:26', 'Wynne', '2023-07-31 01:09:44', 'Luther');

insert into article_comment (article_id, user_id, description, created_at, created_by, modified_at, modified_by) values (89, 'uno', 'Nulla nisl.', '2023-06-08 12:34:08', 'Kiel', '2023-11-02 09:39:58', 'Emalee');
insert into article_comment (article_id, user_id, description, created_at, created_by, modified_at, modified_by) values (31, 'uno2', 'Duis bibendum, felis sed interdum venenatis, turpis enim blandit mi, in porttitor pede justo eu massa.', '2023-07-21 07:37:44', 'Magdalen', '2023-09-11 09:12:55', 'Solly');
insert into article_comment (article_id, user_id, description, created_at, created_by, modified_at, modified_by) values (2, 'uno2', 'Nulla neque libero, convallis eget, eleifend luctus, ultricies eu, nibh.', '2023-08-24 04:41:15', 'Gilles', '2023-06-07 11:20:52', 'Rodney');
insert into article_comment (article_id, user_id, description, created_at, created_by, modified_at, modified_by) values (117, 'uno', 'Sed vel enim sit amet nunc viverra dapibus.', '2023-01-02 12:49:55', 'Gleda', '2023-04-03 19:01:45', 'Deck');
insert into article_comment (article_id, user_id, description, created_at, created_by, modified_at, modified_by) values (39, 'uno', 'Aliquam erat volutpat.', '2023-07-14 07:05:57', 'Byrle', '2023-10-06 09:33:06', 'Conny');
insert into article_comment (article_id, user_id, description, created_at, created_by, modified_at, modified_by) values (56, 'uno2', 'Integer a nibh.', '2023-05-14 16:56:54', 'Isador', '2023-09-03 22:02:45', 'Glenn');
insert into article_comment (article_id, user_id, description, created_at, created_by, modified_at, modified_by) values (19, 'uno2', 'Vivamus vel nulla eget eros elementum pellentesque.', '2023-06-30 21:55:32', 'Husain', '2023-03-14 10:32:00', 'Karrie');
insert into article_comment (article_id, user_id, description, created_at, created_by, modified_at, modified_by) values (112, 'uno', 'Curabitur convallis.', '2023-09-18 04:12:38', 'Waiter', '2023-01-27 16:21:14', 'Rog');
insert into article_comment (article_id, user_id, description, created_at, created_by, modified_at, modified_by) values (89, 'uno', 'Integer a nibh.', '2023-07-21 03:38:41', 'Berkie', '2023-10-06 22:51:27', 'Francisca');
insert into article_comment (article_id, user_id, description, created_at, created_by, modified_at, modified_by) values (19, 'uno', 'Vestibulum ante ipsum primis in faucibus orci luctus et ultrices posuere cubilia Curae; Donec pharetra, magna vestibulum aliquet ultrices, erat tortor sollicitudin mi, sit amet lobortis sapien sapien non mi.', '2023-01-18 17:21:05', 'Aretha', '2023-04-04 00:03:53', 'Fitz');
insert into article_comment (article_id, user_id, description, created_at, created_by, modified_at, modified_by) values (121, 'uno', 'Pellentesque at nulla.', '2023-03-16 06:05:48', 'Bride', '2023-03-08 15:16:07', 'Anthea');
insert into article_comment (article_id, user_id, description, created_at, created_by, modified_at, modified_by) values (31, 'uno', 'Aliquam erat volutpat.', '2023-05-16 00:15:39', 'Gavin', '2022-11-29 18:02:27', 'Delphine');
insert into article_comment (article_id, user_id, description, created_at, created_by, modified_at, modified_by) values (95, 'uno2', 'In sagittis dui vel nisl.', '2023-11-10 15:00:57', 'Alana', '2023-02-14 04:03:59', 'Jordan');
insert into article_comment (article_id, user_id, description, created_at, created_by, modified_at, modified_by) values (2, 'uno', 'In hac habitasse platea dictumst.', '2023-09-22 14:34:11', 'Karine', '2023-07-18 11:38:38', 'Alvira');
insert into article_comment (article_id, user_id, description, created_at, created_by, modified_at, modified_by) values (20, 'uno2', 'Cum sociis natoque penatibus et magnis dis parturient montes, nascetur ridiculus mus.', '2023-06-22 05:43:45', 'Pincas', '2023-10-07 18:25:08', 'Reeba');
insert into article_comment (article_id, user_id, description, created_at, created_by, modified_at, modified_by) values (50, 'uno', 'Vestibulum sed magna at nunc commodo placerat.', '2023-07-15 09:35:44', 'Barrie', '2023-03-01 10:55:07', 'Rosabelle');
insert into article_comment (article_id, user_id, description, created_at, created_by, modified_at, modified_by) values (58, 'uno2', 'Duis bibendum.', '2023-05-24 15:17:37', 'Saudra', '2023-08-09 08:30:29', 'Ellsworth');
insert into article_comment (article_id, user_id, description, created_at, created_by, modified_at, modified_by) values (21, 'uno', 'Curabitur convallis.', '2023-04-29 10:43:19', 'Tomlin', '2023-03-23 16:49:03', 'Isahella');
insert into article_comment (article_id, user_id, description, created_at, created_by, modified_at, modified_by) values (85, 'uno2', 'Ut at dolor quis odio consequat varius.', '2023-04-16 15:09:26', 'Shane', '2023-07-15 07:19:32', 'Paule');
insert into article_comment (article_id, user_id, description, created_at, created_by, modified_at, modified_by) values (111, 'uno2', 'Nunc nisl.', '2023-03-14 00:46:02', 'Ruthy', '2023-09-17 20:29:48', 'Tab');
insert into article_comment (article_id, user_id, description, created_at, created_by, modified_at, modified_by) values (40, 'uno2', 'Aliquam erat volutpat.', '2023-05-08 09:37:04', 'Jerrold', '2023-07-11 12:56:55', 'Coleman');
insert into article_comment (article_id, user_id, description, created_at, created_by, modified_at, modified_by) values (33, 'uno2', 'Morbi vel lectus in quam fringilla rhoncus.', '2023-03-15 23:44:09', 'Conni', '2023-01-29 11:06:54', 'Chadwick');
insert into article_comment (article_id, user_id, description, created_at, created_by, modified_at, modified_by) values (86, 'uno', 'Nulla justo.', '2023-03-11 04:46:51', 'Mildrid', '2023-04-17 02:36:36', 'Waldon');
insert into article_comment (article_id, user_id, description, created_at, created_by, modified_at, modified_by) values (119, 'uno', 'Cras mi pede, malesuada in, imperdiet et, commodo vulputate, justo.', '2023-02-17 04:21:35', 'Kennith', '2023-06-20 21:43:57', 'Adorne');
insert into article_comment (article_id, user_id, description, created_at, created_by, modified_at, modified_by) values (60, 'uno', 'Aliquam augue quam, sollicitudin vitae, consectetuer eget, rutrum at, lorem.', '2023-05-09 13:31:24', 'Risa', '2023-02-09 11:43:30', 'Lorelle');
insert into article_comment (article_id, user_id, description, created_at, created_by, modified_at, modified_by) values (67, 'uno', 'In hac habitasse platea dictumst.', '2023-10-24 14:09:08', 'Beverley', '2022-12-04 04:06:53', 'Kalina');
insert into article_comment (article_id, user_id, description, created_at, created_by, modified_at, modified_by) values (70, 'uno', 'Aenean lectus.', '2023-05-02 01:04:59', 'Art', '2023-10-18 02:13:06', 'Phelia');
insert into article_comment (article_id, user_id, description, created_at, created_by, modified_at, modified_by) values (16, 'uno', 'In est risus, auctor sed, tristique in, tempus sit amet, sem.', '2023-10-14 14:37:28', 'Kevan', '2023-09-20 18:49:07', 'Parsifal');
insert into article_comment (article_id, user_id, description, created_at, created_by, modified_at, modified_by) values (74, 'uno2', 'In tempor, turpis nec euismod scelerisque, quam turpis adipiscing lorem, vitae mattis nibh ligula nec sem.', '2023-09-28 15:49:16', 'Kendall', '2023-10-26 11:59:55', 'Pyotr');
insert into article_comment (article_id, user_id, description, created_at, created_by, modified_at, modified_by) values (99, 'uno', 'Curabitur in libero ut massa volutpat convallis.', '2023-06-17 13:55:20', 'Derrik', '2023-10-07 02:52:39', 'Carolee');
insert into article_comment (article_id, user_id, description, created_at, created_by, modified_at, modified_by) values (111, 'uno', 'Nulla mollis molestie lorem.', '2023-01-28 02:55:47', 'Baillie', '2023-10-24 16:43:31', 'Pren');
insert into article_comment (article_id, user_id, description, created_at, created_by, modified_at, modified_by) values (106, 'uno', 'Nulla suscipit ligula in lacus.', '2023-01-01 21:18:09', 'Nevsa', '2023-08-22 02:13:16', 'Neala');
insert into article_comment (article_id, user_id, description, created_at, created_by, modified_at, modified_by) values (50, 'uno', 'Vestibulum ante ipsum primis in faucibus orci luctus et ultrices posuere cubilia Curae; Duis faucibus accumsan odio.', '2023-02-16 22:36:53', 'Amory', '2023-07-17 09:54:54', 'Daniel');
insert into article_comment (article_id, user_id, description, created_at, created_by, modified_at, modified_by) values (109, 'uno2', 'Aliquam quis turpis eget elit sodales scelerisque.', '2023-10-03 09:42:04', 'Giff', '2022-12-28 07:08:10', 'Charo');
insert into article_comment (article_id, user_id, description, created_at, created_by, modified_at, modified_by) values (92, 'uno', 'Vestibulum ante ipsum primis in faucibus orci luctus et ultrices posuere cubilia Curae; Nulla dapibus dolor vel est.', '2023-01-27 16:25:35', 'Bettye', '2022-12-02 01:52:20', 'Lori');
insert into article_comment (article_id, user_id, description, created_at, created_by, modified_at, modified_by) values (9, 'uno2', 'Pellentesque ultrices mattis odio.', '2022-12-01 18:51:35', 'Bryn', '2023-03-11 21:56:06', 'Giacopo');
insert into article_comment (article_id, user_id, description, created_at, created_by, modified_at, modified_by) values (49, 'uno2', 'Etiam pretium iaculis justo.', '2023-07-02 19:07:18', 'Morly', '2023-05-31 09:41:53', 'Madlen');
insert into article_comment (article_id, user_id, description, created_at, created_by, modified_at, modified_by) values (105, 'uno', 'Suspendisse potenti.', '2023-06-06 14:11:31', 'Rianon', '2022-12-03 09:01:10', 'Cristin');
insert into article_comment (article_id, user_id, description, created_at, created_by, modified_at, modified_by) values (92, 'uno', 'Pellentesque ultrices mattis odio.', '2023-06-09 04:43:30', 'Franny', '2023-03-09 21:17:54', 'Jarrad');
insert into article_comment (article_id, user_id, description, created_at, created_by, modified_at, modified_by) values (12, 'uno', 'Aliquam non mauris.', '2022-12-25 00:16:23', 'Loria', '2023-11-05 02:57:28', 'Griz');
insert into article_comment (article_id, user_id, description, created_at, created_by, modified_at, modified_by) values (113, 'uno2', 'In tempor, turpis nec euismod scelerisque, quam turpis adipiscing lorem, vitae mattis nibh ligula nec sem.', '2022-12-08 22:28:12', 'Shelby', '2022-12-29 14:41:34', 'Byran');
insert into article_comment (article_id, user_id, description, created_at, created_by, modified_at, modified_by) values (57, 'uno2', 'Integer a nibh.', '2023-09-14 17:01:52', 'Nixie', '2023-11-06 11:54:07', 'Ernie');
insert into article_comment (article_id, user_id, description, created_at, created_by, modified_at, modified_by) values (121, 'uno', 'Donec dapibus.', '2023-01-23 06:11:46', 'Sada', '2023-10-12 13:13:25', 'Cacilie');
insert into article_comment (article_id, user_id, description, created_at, created_by, modified_at, modified_by) values (116, 'uno2', 'Nam congue, risus semper porta volutpat, quam pede lobortis ligula, sit amet eleifend pede libero quis orci.', '2022-12-05 11:17:40', 'Ingrim', '2023-01-14 21:28:41', 'Ellsworth');
insert into article_comment (article_id, user_id, description, created_at, created_by, modified_at, modified_by) values (46, 'uno', 'Quisque erat eros, viverra eget, congue eget, semper rutrum, nulla.', '2023-07-18 02:54:30', 'Jessica', '2022-12-19 12:59:48', 'Verine');
insert into article_comment (article_id, user_id, description, created_at, created_by, modified_at, modified_by) values (106, 'uno', 'In tempor, turpis nec euismod scelerisque, quam turpis adipiscing lorem, vitae mattis nibh ligula nec sem.', '2023-09-05 03:16:09', 'Gloriana', '2023-05-07 21:29:19', 'Kelcie');
insert into article_comment (article_id, user_id, description, created_at, created_by, modified_at, modified_by) values (119, 'uno2', 'Integer a nibh.', '2023-05-21 04:36:16', 'Dorelia', '2023-10-27 15:38:16', 'Dorri');
insert into article_comment (article_id, user_id, description, created_at, created_by, modified_at, modified_by) values (111, 'uno', 'Cras mi pede, malesuada in, imperdiet et, commodo vulputate, justo.', '2023-02-16 15:56:07', 'Glynnis', '2023-06-27 17:42:43', 'Juliann');
insert into article_comment (article_id, user_id, description, created_at, created_by, modified_at, modified_by) values (65, 'uno', 'Praesent blandit.', '2023-09-03 07:19:18', 'Ellery', '2023-01-27 01:13:00', 'Vickie');
insert into article_comment (article_id, user_id, description, created_at, created_by, modified_at, modified_by) values (14, 'uno', 'Morbi sem mauris, laoreet ut, rhoncus aliquet, pulvinar sed, nisl.', '2023-07-07 01:00:33', 'Clerkclaude', '2023-08-07 16:54:56', 'Neely');
insert into article_comment (article_id, user_id, description, created_at, created_by, modified_at, modified_by) values (66, 'uno', 'Proin interdum mauris non ligula pellentesque ultrices.', '2023-01-14 09:08:51', 'Josefina', '2023-07-24 07:50:45', 'Isaiah');
insert into article_comment (article_id, user_id, description, created_at, created_by, modified_at, modified_by) values (78, 'uno', 'Mauris sit amet eros.', '2023-06-30 11:26:50', 'Osborn', '2023-11-21 20:45:26', 'Jyoti');
insert into article_comment (article_id, user_id, description, created_at, created_by, modified_at, modified_by) values (35, 'uno', 'Nam nulla.', '2023-11-05 13:08:45', 'Giustina', '2023-05-27 11:45:34', 'Claudell');
insert into article_comment (article_id, user_id, description, created_at, created_by, modified_at, modified_by) values (39, 'uno', 'Quisque arcu libero, rutrum ac, lobortis vel, dapibus at, diam.', '2023-08-11 19:04:36', 'Laurette', '2023-02-11 13:45:06', 'Adria');
insert into article_comment (article_id, user_id, description, created_at, created_by, modified_at, modified_by) values (114, 'uno', 'Mauris ullamcorper purus sit amet nulla.', '2022-12-30 09:27:38', 'Marten', '2023-11-24 06:17:02', 'Trista');
insert into article_comment (article_id, user_id, description, created_at, created_by, modified_at, modified_by) values (122, 'uno', 'Proin eu mi.', '2023-01-11 10:34:56', 'Gordy', '2023-09-03 21:23:17', 'Batholomew');
insert into article_comment (article_id, user_id, description, created_at, created_by, modified_at, modified_by) values (116, 'uno2', 'Integer pede justo, lacinia eget, tincidunt eget, tempus vel, pede.', '2023-11-13 16:14:32', 'Derrek', '2023-10-03 02:26:52', 'Skylar');
insert into article_comment (article_id, user_id, description, created_at, created_by, modified_at, modified_by) values (67, 'uno', 'Donec ut dolor.', '2023-08-21 06:37:43', 'Cos', '2022-12-07 06:59:16', 'Francisco');
insert into article_comment (article_id, user_id, description, created_at, created_by, modified_at, modified_by) values (45, 'uno2', 'Integer ac leo.', '2023-04-10 10:44:18', 'Donni', '2023-01-21 10:31:38', 'Tommie');
insert into article_comment (article_id, user_id, description, created_at, created_by, modified_at, modified_by) values (109, 'uno2', 'Vestibulum quam sapien, varius ut, blandit non, interdum in, ante.', '2023-06-25 14:11:21', 'Isa', '2023-01-29 13:11:27', 'Quill');
insert into article_comment (article_id, user_id, description, created_at, created_by, modified_at, modified_by) values (101, 'uno', 'Morbi vel lectus in quam fringilla rhoncus.', '2022-12-24 00:36:42', 'Hewie', '2023-02-25 12:37:44', 'Fredelia');
insert into article_comment (article_id, user_id, description, created_at, created_by, modified_at, modified_by) values (92, 'uno2', 'Vestibulum ante ipsum primis in faucibus orci luctus et ultrices posuere cubilia Curae; Donec pharetra, magna vestibulum aliquet ultrices, erat tortor sollicitudin mi, sit amet lobortis sapien sapien non mi.', '2023-06-01 00:49:14', 'Kalie', '2023-10-29 04:04:11', 'Jilly');
insert into article_comment (article_id, user_id, description, created_at, created_by, modified_at, modified_by) values (97, 'uno2', 'Suspendisse potenti.', '2022-12-21 13:24:08', 'Bree', '2023-11-06 12:35:33', 'Arvie');
insert into article_comment (article_id, user_id, description, created_at, created_by, modified_at, modified_by) values (52, 'uno2', 'Proin leo odio, porttitor id, consequat in, consequat ut, nulla.', '2023-11-04 14:10:21', 'Beverlee', '2023-06-09 02:16:01', 'Philbert');
insert into article_comment (article_id, user_id, description, created_at, created_by, modified_at, modified_by) values (40, 'uno2', 'Maecenas tristique, est et tempus semper, est quam pharetra magna, ac consequat metus sapien ut nunc.', '2023-03-19 04:47:23', 'Kamilah', '2023-05-09 01:20:17', 'Gerta');
insert into article_comment (article_id, user_id, description, created_at, created_by, modified_at, modified_by) values (52, 'uno', 'Praesent lectus.', '2023-05-22 16:11:02', 'Brandy', '2023-07-27 12:50:47', 'Nicholas');
insert into article_comment (article_id, user_id, description, created_at, created_by, modified_at, modified_by) values (59, 'uno', 'Donec dapibus.', '2023-04-18 20:39:53', 'Jaymie', '2022-12-03 23:20:52', 'Gabrila');
insert into article_comment (article_id, user_id, description, created_at, created_by, modified_at, modified_by) values (90, 'uno', 'Suspendisse accumsan tortor quis turpis.', '2023-06-11 09:38:08', 'Celestina', '2023-08-14 18:15:16', 'Cesya');
insert into article_comment (article_id, user_id, description, created_at, created_by, modified_at, modified_by) values (1, 'uno2', 'Nulla justo.', '2023-01-09 18:29:46', 'Malinda', '2023-03-25 14:58:36', 'Edna');
insert into article_comment (article_id, user_id, description, created_at, created_by, modified_at, modified_by) values (78, 'uno', 'Cras pellentesque volutpat dui.', '2023-02-09 06:05:25', 'Mamie', '2023-04-23 19:14:05', 'Ursola');
insert into article_comment (article_id, user_id, description, created_at, created_by, modified_at, modified_by) values (38, 'uno2', 'Morbi odio odio, elementum eu, interdum eu, tincidunt in, leo.', '2023-02-10 03:53:01', 'Willetta', '2023-01-26 03:55:43', 'Stesha');
insert into article_comment (article_id, user_id, description, created_at, created_by, modified_at, modified_by) values (117, 'uno2', 'Cras non velit nec nisi vulputate nonummy.', '2023-03-16 05:30:10', 'Rebekah', '2023-05-25 07:13:25', 'Annalee');
insert into article_comment (article_id, user_id, description, created_at, created_by, modified_at, modified_by) values (76, 'uno2', 'Fusce consequat.', '2023-01-30 00:48:01', 'Katinka', '2023-10-08 12:34:11', 'Alli');
insert into article_comment (article_id, user_id, description, created_at, created_by, modified_at, modified_by) values (79, 'uno', 'Aliquam non mauris.', '2023-01-06 01:37:03', 'Meridith', '2023-07-14 12:43:56', 'Mozes');
insert into article_comment (article_id, user_id, description, created_at, created_by, modified_at, modified_by) values (78, 'uno2', 'Nulla facilisi.', '2023-11-15 02:33:11', 'Bronnie', '2023-07-27 16:08:15', 'Karel');
insert into article_comment (article_id, user_id, description, created_at, created_by, modified_at, modified_by) values (121, 'uno2', 'Praesent blandit lacinia erat.', '2023-05-06 12:18:52', 'Henrie', '2023-06-07 00:11:38', 'Arlette');
insert into article_comment (article_id, user_id, description, created_at, created_by, modified_at, modified_by) values (73, 'uno2', 'Donec dapibus.', '2023-01-20 14:50:23', 'Rogers', '2023-04-16 13:01:52', 'Darryl');
insert into article_comment (article_id, user_id, description, created_at, created_by, modified_at, modified_by) values (97, 'uno2', 'Nulla justo.', '2023-04-12 07:46:30', 'Hobie', '2023-08-28 11:51:40', 'Tate');
insert into article_comment (article_id, user_id, description, created_at, created_by, modified_at, modified_by) values (29, 'uno', 'Nulla neque libero, convallis eget, eleifend luctus, ultricies eu, nibh.', '2023-02-02 01:16:24', 'Willette', '2023-06-05 00:01:52', 'Jacklin');
insert into article_comment (article_id, user_id, description, created_at, created_by, modified_at, modified_by) values (86, 'uno', 'Maecenas pulvinar lobortis est.', '2022-12-05 06:03:12', 'Haily', '2023-11-02 19:08:29', 'Yurik');
insert into article_comment (article_id, user_id, description, created_at, created_by, modified_at, modified_by) values (92, 'uno', 'Etiam vel augue.', '2023-07-11 12:01:07', 'Lesya', '2023-02-13 17:27:15', 'Carolyn');
insert into article_comment (article_id, user_id, description, created_at, created_by, modified_at, modified_by) values (68, 'uno', 'Cras in purus eu magna vulputate luctus.', '2023-07-16 22:16:19', 'Hermon', '2023-07-14 13:35:28', 'Wynnie');
insert into article_comment (article_id, user_id, description, created_at, created_by, modified_at, modified_by) values (57, 'uno', 'Vivamus metus arcu, adipiscing molestie, hendrerit at, vulputate vitae, nisl.', '2023-01-11 00:13:47', 'Zebadiah', '2023-09-23 18:23:29', 'Diane-marie');
insert into article_comment (article_id, user_id, description, created_at, created_by, modified_at, modified_by) values (21, 'uno', 'Vestibulum ante ipsum primis in faucibus orci luctus et ultrices posuere cubilia Curae; Nulla dapibus dolor vel est.', '2023-07-08 18:15:04', 'Gaylord', '2022-12-15 06:01:54', 'Karine');
insert into article_comment (article_id, user_id, description, created_at, created_by, modified_at, modified_by) values (65, 'uno', 'Nulla mollis molestie lorem.', '2023-06-28 12:03:49', 'Jackquelin', '2023-01-06 21:03:45', 'Sandor');
insert into article_comment (article_id, user_id, description, created_at, created_by, modified_at, modified_by) values (46, 'uno', 'Phasellus id sapien in sapien iaculis congue.', '2023-05-17 15:39:27', 'Sindee', '2023-03-31 08:01:45', 'Chrotoem');
insert into article_comment (article_id, user_id, description, created_at, created_by, modified_at, modified_by) values (19, 'uno2', 'Nulla neque libero, convallis eget, eleifend luctus, ultricies eu, nibh.', '2023-10-11 17:14:11', 'Rudie', '2023-01-26 16:28:56', 'Koenraad');
insert into article_comment (article_id, user_id, description, created_at, created_by, modified_at, modified_by) values (61, 'uno2', 'Nulla suscipit ligula in lacus.', '2023-01-25 14:45:37', 'Libby', '2023-04-17 07:13:05', 'Dare');
insert into article_comment (article_id, user_id, description, created_at, created_by, modified_at, modified_by) values (37, 'uno', 'Curabitur convallis.', '2023-08-20 04:53:29', 'Richmound', '2023-10-05 17:31:23', 'Riannon');
insert into article_comment (article_id, user_id, description, created_at, created_by, modified_at, modified_by) values (76, 'uno2', 'Vestibulum ante ipsum primis in faucibus orci luctus et ultrices posuere cubilia Curae; Mauris viverra diam vitae quam.', '2023-11-21 01:02:03', 'Georgie', '2023-11-25 10:26:28', 'Hy');
insert into article_comment (article_id, user_id, description, created_at, created_by, modified_at, modified_by) values (88, 'uno', 'Cum sociis natoque penatibus et magnis dis parturient montes, nascetur ridiculus mus.', '2023-06-18 15:40:44', 'Frederich', '2023-08-07 23:50:45', 'Antonin');
insert into article_comment (article_id, user_id, description, created_at, created_by, modified_at, modified_by) values (113, 'uno2', 'Duis mattis egestas metus.', '2022-11-30 03:25:48', 'Kiley', '2023-07-03 03:04:28', 'Corey');
insert into article_comment (article_id, user_id, description, created_at, created_by, modified_at, modified_by) values (22, 'uno', 'Praesent blandit.', '2023-01-04 16:03:24', 'Melony', '2023-10-11 04:30:28', 'Abe');
insert into article_comment (article_id, user_id, description, created_at, created_by, modified_at, modified_by) values (70, 'uno2', 'Proin risus.', '2023-04-12 20:09:59', 'Jolynn', '2023-04-14 06:41:28', 'Margie');
insert into article_comment (article_id, user_id, description, created_at, created_by, modified_at, modified_by) values (2, 'uno', 'Mauris lacinia sapien quis libero.', '2023-03-26 07:13:41', 'Cherrita', '2023-09-03 10:45:10', 'Thea');
insert into article_comment (article_id, user_id, description, created_at, created_by, modified_at, modified_by) values (32, 'uno2', 'Etiam faucibus cursus urna.', '2023-01-19 19:22:43', 'Obadiah', '2023-01-26 18:36:24', 'Marcelo');
insert into article_comment (article_id, user_id, description, created_at, created_by, modified_at, modified_by) values (19, 'uno', 'Vestibulum ac est lacinia nisi venenatis tristique.', '2023-04-26 16:03:22', 'Corette', '2023-09-29 22:57:24', 'Cordi');
insert into article_comment (article_id, user_id, description, created_at, created_by, modified_at, modified_by) values (76, 'uno', 'Duis mattis egestas metus.', '2022-12-21 14:46:09', 'Myrvyn', '2023-02-20 07:04:57', 'Abdul');
insert into article_comment (article_id, user_id, description, created_at, created_by, modified_at, modified_by) values (48, 'uno2', 'Cum sociis natoque penatibus et magnis dis parturient montes, nascetur ridiculus mus.', '2022-12-31 15:34:37', 'Lesly', '2023-01-27 21:21:57', 'Rubia');
insert into article_comment (article_id, user_id, description, created_at, created_by, modified_at, modified_by) values (9, 'uno', 'Sed ante.', '2023-04-24 01:33:26', 'Diane', '2023-05-27 12:43:33', 'Konstantin');
insert into article_comment (article_id, user_id, description, created_at, created_by, modified_at, modified_by) values (26, 'uno', 'Nam tristique tortor eu pede.', '2023-07-20 02:44:16', 'Stephanus', '2023-03-31 23:53:21', 'Obediah');
insert into article_comment (article_id, user_id, description, created_at, created_by, modified_at, modified_by) values (62, 'uno2', 'Cras non velit nec nisi vulputate nonummy.', '2022-12-04 19:46:00', 'Letizia', '2023-10-26 07:44:40', 'Valentino');
insert into article_comment (article_id, user_id, description, created_at, created_by, modified_at, modified_by) values (73, 'uno', 'Nulla facilisi.', '2023-04-04 13:20:55', 'Della', '2023-09-19 19:01:18', 'Hope');
insert into article_comment (article_id, user_id, description, created_at, created_by, modified_at, modified_by) values (20, 'uno', 'Quisque id justo sit amet sapien dignissim vestibulum.', '2023-04-11 06:54:33', 'Cris', '2023-01-03 03:27:20', 'Kacy');
insert into article_comment (article_id, user_id, description, created_at, created_by, modified_at, modified_by) values (51, 'uno2', 'Morbi porttitor lorem id ligula.', '2023-10-10 13:51:19', 'Vina', '2023-09-06 20:57:09', 'Izabel');
insert into article_comment (article_id, user_id, description, created_at, created_by, modified_at, modified_by) values (108, 'uno2', 'Maecenas tristique, est et tempus semper, est quam pharetra magna, ac consequat metus sapien ut nunc.', '2023-04-01 08:38:08', 'Kameko', '2023-04-27 15:35:42', 'Anet');
insert into article_comment (article_id, user_id, description, created_at, created_by, modified_at, modified_by) values (93, 'uno', 'Sed vel enim sit amet nunc viverra dapibus.', '2023-11-21 07:11:08', 'Herman', '2023-09-19 02:05:17', 'Karrah');
insert into article_comment (article_id, user_id, description, created_at, created_by, modified_at, modified_by) values (102, 'uno', 'Integer aliquet, massa id lobortis convallis, tortor risus dapibus augue, vel accumsan tellus nisi eu orci.', '2022-12-29 18:42:34', 'Urbain', '2023-11-15 23:00:16', 'Monro');
insert into article_comment (article_id, user_id, description, created_at, created_by, modified_at, modified_by) values (53, 'uno', 'Curabitur in libero ut massa volutpat convallis.', '2023-07-04 04:15:25', 'Jesse', '2023-01-02 21:43:22', 'Regan');
insert into article_comment (article_id, user_id, description, created_at, created_by, modified_at, modified_by) values (54, 'uno', 'Donec diam neque, vestibulum eget, vulputate ut, ultrices vel, augue.', '2023-08-16 06:05:16', 'Sebastiano', '2023-03-15 06:14:42', 'Eddie');
insert into article_comment (article_id, user_id, description, created_at, created_by, modified_at, modified_by) values (21, 'uno2', 'Morbi odio odio, elementum eu, interdum eu, tincidunt in, leo.', '2023-11-05 17:16:59', 'Lucky', '2023-10-02 10:19:33', 'Egor');
insert into article_comment (article_id, user_id, description, created_at, created_by, modified_at, modified_by) values (97, 'uno2', 'Vestibulum sed magna at nunc commodo placerat.', '2023-10-17 04:23:28', 'Mark', '2023-08-21 13:50:28', 'Glennie');
insert into article_comment (article_id, user_id, description, created_at, created_by, modified_at, modified_by) values (16, 'uno', 'Nunc purus.', '2023-09-19 17:22:08', 'Deeyn', '2023-04-03 06:59:00', 'Jo-anne');
insert into article_comment (article_id, user_id, description, created_at, created_by, modified_at, modified_by) values (122, 'uno2', 'Donec ut mauris eget massa tempor convallis.', '2022-12-21 08:42:08', 'Essie', '2023-07-06 21:39:17', 'Meg');
insert into article_comment (article_id, user_id, description, created_at, created_by, modified_at, modified_by) values (96, 'uno2', 'Aenean lectus.', '2023-03-19 08:32:43', 'Vance', '2023-03-28 04:23:21', 'Dickie');
insert into article_comment (article_id, user_id, description, created_at, created_by, modified_at, modified_by) values (79, 'uno', 'Nullam molestie nibh in lectus.', '2022-11-28 21:33:16', 'Walt', '2023-11-12 06:49:35', 'Amaleta');
insert into article_comment (article_id, user_id, description, created_at, created_by, modified_at, modified_by) values (80, 'uno2', 'Donec odio justo, sollicitudin ut, suscipit a, feugiat et, eros.', '2023-06-12 02:42:06', 'Eamon', '2023-08-07 02:02:40', 'Valeda');
insert into article_comment (article_id, user_id, description, created_at, created_by, modified_at, modified_by) values (38, 'uno', 'Proin eu mi.', '2023-02-18 16:41:28', 'Leonardo', '2023-04-21 01:26:48', 'Graig');
insert into article_comment (article_id, user_id, description, created_at, created_by, modified_at, modified_by) values (78, 'uno', 'Donec dapibus.', '2023-07-15 10:27:34', 'Shaylah', '2023-03-09 18:43:02', 'Ernaline');
insert into article_comment (article_id, user_id, description, created_at, created_by, modified_at, modified_by) values (82, 'uno2', 'Nulla justo.', '2022-12-21 23:03:13', 'Bo', '2023-04-13 18:42:51', 'Smith');
insert into article_comment (article_id, user_id, description, created_at, created_by, modified_at, modified_by) values (69, 'uno2', 'Fusce posuere felis sed lacus.', '2023-02-18 10:46:25', 'Fiann', '2023-01-03 00:40:24', 'Damiano');
insert into article_comment (article_id, user_id, description, created_at, created_by, modified_at, modified_by) values (39, 'uno', 'Donec dapibus.', '2023-02-25 03:45:06', 'Teodor', '2023-02-17 14:40:50', 'Bone');
insert into article_comment (article_id, user_id, description, created_at, created_by, modified_at, modified_by) values (39, 'uno', 'Sed vel enim sit amet nunc viverra dapibus.', '2023-05-10 00:16:25', 'Tammy', '2022-12-08 02:25:42', 'Hetti');
insert into article_comment (article_id, user_id, description, created_at, created_by, modified_at, modified_by) values (112, 'uno2', 'Nulla ac enim.', '2023-05-30 10:08:19', 'Dalston', '2023-02-08 17:12:44', 'Tabby');
insert into article_comment (article_id, user_id, description, created_at, created_by, modified_at, modified_by) values (53, 'uno2', 'Etiam pretium iaculis justo.', '2023-11-16 13:10:14', 'Jaine', '2023-08-23 00:16:18', 'Jaquith');
insert into article_comment (article_id, user_id, description, created_at, created_by, modified_at, modified_by) values (121, 'uno', 'Donec posuere metus vitae ipsum.', '2023-02-11 01:30:49', 'Dorelia', '2023-03-28 03:11:51', 'Leshia');
insert into article_comment (article_id, user_id, description, created_at, created_by, modified_at, modified_by) values (1, 'uno2', 'In hac habitasse platea dictumst.', '2023-08-12 04:07:05', 'Judas', '2022-12-07 11:55:32', 'Dianna');
insert into article_comment (article_id, user_id, description, created_at, created_by, modified_at, modified_by) values (89, 'uno', 'Maecenas pulvinar lobortis est.', '2023-09-19 03:38:44', 'Anestassia', '2023-08-11 17:20:13', 'Seward');
insert into article_comment (article_id, user_id, description, created_at, created_by, modified_at, modified_by) values (114, 'uno', 'Vestibulum ac est lacinia nisi venenatis tristique.', '2023-03-28 23:06:12', 'Jerri', '2023-11-06 20:22:40', 'Hale');
insert into article_comment (article_id, user_id, description, created_at, created_by, modified_at, modified_by) values (74, 'uno', 'Aliquam augue quam, sollicitudin vitae, consectetuer eget, rutrum at, lorem.', '2023-05-05 12:28:41', 'Dacy', '2023-02-27 09:22:29', 'Herculie');
insert into article_comment (article_id, user_id, description, created_at, created_by, modified_at, modified_by) values (106, 'uno2', 'Morbi non quam nec dui luctus rutrum.', '2023-09-29 17:40:09', 'Norbie', '2023-11-19 08:05:31', 'Daven');
insert into article_comment (article_id, user_id, description, created_at, created_by, modified_at, modified_by) values (52, 'uno2', 'Vestibulum rutrum rutrum neque.', '2022-12-30 17:26:03', 'Gaby', '2023-02-15 01:01:15', 'Kendra');
insert into article_comment (article_id, user_id, description, created_at, created_by, modified_at, modified_by) values (118, 'uno2', 'Etiam faucibus cursus urna.', '2023-05-18 07:59:06', 'Edeline', '2023-04-06 21:30:12', 'Piggy');
insert into article_comment (article_id, user_id, description, created_at, created_by, modified_at, modified_by) values (35, 'uno2', 'Phasellus in felis.', '2023-06-16 22:54:41', 'Hermy', '2023-10-24 12:42:06', 'Mariellen');
insert into article_comment (article_id, user_id, description, created_at, created_by, modified_at, modified_by) values (8, 'uno', 'Morbi non lectus.', '2023-06-03 21:24:27', 'Dougie', '2023-04-13 00:20:18', 'Collette');
insert into article_comment (article_id, user_id, description, created_at, created_by, modified_at, modified_by) values (115, 'uno2', 'Nulla neque libero, convallis eget, eleifend luctus, ultricies eu, nibh.', '2023-06-09 22:42:04', 'Madalyn', '2023-09-08 15:02:50', 'Essa');
insert into article_comment (article_id, user_id, description, created_at, created_by, modified_at, modified_by) values (113, 'uno2', 'Maecenas tristique, est et tempus semper, est quam pharetra magna, ac consequat metus sapien ut nunc.', '2022-12-23 00:32:32', 'Margarita', '2023-08-18 14:03:46', 'Gonzales');
insert into article_comment (article_id, user_id, description, created_at, created_by, modified_at, modified_by) values (107, 'uno2', 'In quis justo.', '2023-10-28 22:18:57', 'Donnamarie', '2023-10-08 18:52:52', 'Stanwood');
insert into article_comment (article_id, user_id, description, created_at, created_by, modified_at, modified_by) values (31, 'uno', 'In est risus, auctor sed, tristique in, tempus sit amet, sem.', '2023-04-10 09:20:29', 'Daryle', '2023-04-27 22:01:27', 'Chiarra');
insert into article_comment (article_id, user_id, description, created_at, created_by, modified_at, modified_by) values (97, 'uno', 'Morbi odio odio, elementum eu, interdum eu, tincidunt in, leo.', '2023-06-02 08:49:20', 'Celesta', '2023-10-24 07:07:49', 'Cindi');
insert into article_comment (article_id, user_id, description, created_at, created_by, modified_at, modified_by) values (52, 'uno2', 'In hac habitasse platea dictumst.', '2023-05-09 05:45:50', 'Clemente', '2023-04-25 07:25:14', 'Raquel');
insert into article_comment (article_id, user_id, description, created_at, created_by, modified_at, modified_by) values (38, 'uno2', 'Suspendisse potenti.', '2023-05-21 20:21:36', 'Trefor', '2023-06-08 11:38:02', 'Thomasine');
insert into article_comment (article_id, user_id, description, created_at, created_by, modified_at, modified_by) values (43, 'uno2', 'Vestibulum ante ipsum primis in faucibus orci luctus et ultrices posuere cubilia Curae; Donec pharetra, magna vestibulum aliquet ultrices, erat tortor sollicitudin mi, sit amet lobortis sapien sapien non mi.', '2023-02-14 01:40:53', 'Allard', '2022-12-01 23:06:41', 'Vivienne');
insert into article_comment (article_id, user_id, description, created_at, created_by, modified_at, modified_by) values (79, 'uno2', 'Praesent lectus.', '2023-01-12 21:29:10', 'Demetris', '2023-11-20 23:25:34', 'Emlyn');
insert into article_comment (article_id, user_id, description, created_at, created_by, modified_at, modified_by) values (22, 'uno2', 'Suspendisse potenti.', '2023-07-30 09:35:25', 'Madonna', '2023-01-29 23:42:34', 'Anastasie');
insert into article_comment (article_id, user_id, description, created_at, created_by, modified_at, modified_by) values (17, 'uno2', 'Donec odio justo, sollicitudin ut, suscipit a, feugiat et, eros.', '2023-02-21 12:27:13', 'Albertine', '2023-05-16 23:15:35', 'Gerek');
insert into article_comment (article_id, user_id, description, created_at, created_by, modified_at, modified_by) values (123, 'uno2', 'Phasellus sit amet erat.', '2023-03-22 04:48:06', 'Ginni', '2023-01-08 00:27:39', 'Rip');
insert into article_comment (article_id, user_id, description, created_at, created_by, modified_at, modified_by) values (6, 'uno2', 'Quisque arcu libero, rutrum ac, lobortis vel, dapibus at, diam.', '2023-06-10 18:28:05', 'Millie', '2023-10-20 05:55:45', 'Zorina');
insert into article_comment (article_id, user_id, description, created_at, created_by, modified_at, modified_by) values (72, 'uno2', 'Vivamus metus arcu, adipiscing molestie, hendrerit at, vulputate vitae, nisl.', '2022-12-21 11:15:19', 'Shea', '2022-12-10 04:22:16', 'Nils');
insert into article_comment (article_id, user_id, description, created_at, created_by, modified_at, modified_by) values (70, 'uno', 'Suspendisse accumsan tortor quis turpis.', '2023-11-07 01:42:53', 'Paige', '2023-03-03 09:53:04', 'Persis');
insert into article_comment (article_id, user_id, description, created_at, created_by, modified_at, modified_by) values (4, 'uno2', 'Nulla justo.', '2023-05-13 21:11:46', 'Abelard', '2023-02-19 17:17:28', 'Nalani');
insert into article_comment (article_id, user_id, description, created_at, created_by, modified_at, modified_by) values (71, 'uno', 'Fusce congue, diam id ornare imperdiet, sapien urna pretium nisl, ut volutpat sapien arcu sed augue.', '2023-05-22 17:56:10', 'Erna', '2023-02-26 07:22:23', 'Grenville');
insert into article_comment (article_id, user_id, description, created_at, created_by, modified_at, modified_by) values (27, 'uno', 'Aliquam augue quam, sollicitudin vitae, consectetuer eget, rutrum at, lorem.', '2023-10-21 08:45:27', 'Trina', '2023-08-03 04:52:51', 'Zacherie');
insert into article_comment (article_id, user_id, description, created_at, created_by, modified_at, modified_by) values (93, 'uno', 'Nulla facilisi.', '2023-08-29 08:17:59', 'Sheeree', '2023-07-12 15:32:52', 'Paddie');
insert into article_comment (article_id, user_id, description, created_at, created_by, modified_at, modified_by) values (94, 'uno', 'Aenean fermentum.', '2023-08-14 01:29:22', 'Trever', '2023-05-09 23:09:05', 'Jodie');
insert into article_comment (article_id, user_id, description, created_at, created_by, modified_at, modified_by) values (42, 'uno2', 'Donec ut mauris eget massa tempor convallis.', '2023-06-23 23:53:11', 'Levin', '2022-12-21 17:52:30', 'Rachael');
insert into article_comment (article_id, user_id, description, created_at, created_by, modified_at, modified_by) values (99, 'uno2', 'Aliquam non mauris.', '2023-03-09 09:38:25', 'Harlene', '2023-04-25 15:50:14', 'Ardelis');
insert into article_comment (article_id, user_id, description, created_at, created_by, modified_at, modified_by) values (4, 'uno2', 'Fusce posuere felis sed lacus.', '2023-02-09 12:46:38', 'Ermina', '2023-07-03 02:28:12', 'Byram');
insert into article_comment (article_id, user_id, description, created_at, created_by, modified_at, modified_by) values (8, 'uno', 'Etiam justo.', '2022-11-30 07:48:10', 'Onofredo', '2023-03-20 11:53:44', 'Mariska');
insert into article_comment (article_id, user_id, description, created_at, created_by, modified_at, modified_by) values (14, 'uno2', 'Curabitur gravida nisi at nibh.', '2023-04-11 16:11:19', 'Florrie', '2023-07-21 22:32:43', 'Ninetta');
insert into article_comment (article_id, user_id, description, created_at, created_by, modified_at, modified_by) values (94, 'uno', 'Curabitur in libero ut massa volutpat convallis.', '2022-11-28 04:39:17', 'Norton', '2023-04-08 07:01:04', 'Catherina');
insert into article_comment (article_id, user_id, description, created_at, created_by, modified_at, modified_by) values (73, 'uno2', 'Nulla ac enim.', '2023-09-15 07:46:01', 'Margit', '2023-06-22 23:58:17', 'Leigh');
insert into article_comment (article_id, user_id, description, created_at, created_by, modified_at, modified_by) values (69, 'uno2', 'Cras in purus eu magna vulputate luctus.', '2023-07-14 18:38:04', 'Fidela', '2022-12-29 00:53:58', 'Filip');
insert into article_comment (article_id, user_id, description, created_at, created_by, modified_at, modified_by) values (98, 'uno', 'Donec semper sapien a libero.', '2023-11-17 16:55:22', 'Brnaby', '2023-11-05 05:51:17', 'Laney');
insert into article_comment (article_id, user_id, description, created_at, created_by, modified_at, modified_by) values (32, 'uno2', 'In hac habitasse platea dictumst.', '2023-05-16 06:09:00', 'Sherry', '2023-09-18 00:09:36', 'Sebastian');
insert into article_comment (article_id, user_id, description, created_at, created_by, modified_at, modified_by) values (5, 'uno2', 'Suspendisse potenti.', '2023-11-16 23:50:16', 'Ford', '2023-02-18 03:11:19', 'Raphael');
insert into article_comment (article_id, user_id, description, created_at, created_by, modified_at, modified_by) values (37, 'uno2', 'Duis ac nibh.', '2023-04-12 11:12:57', 'Alexandr', '2023-03-10 09:10:21', 'Way');
insert into article_comment (article_id, user_id, description, created_at, created_by, modified_at, modified_by) values (61, 'uno', 'Maecenas pulvinar lobortis est.', '2023-01-12 07:29:44', 'Olympia', '2023-04-09 09:13:20', 'Deloris');
insert into article_comment (article_id, user_id, description, created_at, created_by, modified_at, modified_by) values (62, 'uno2', 'Duis at velit eu est congue elementum.', '2023-08-27 10:35:15', 'Domeniga', '2023-08-11 17:43:37', 'Obidiah');
insert into article_comment (article_id, user_id, description, created_at, created_by, modified_at, modified_by) values (117, 'uno2', 'Cras non velit nec nisi vulputate nonummy.', '2023-11-12 20:31:08', 'Gloriane', '2023-05-01 04:40:19', 'Alfredo');
insert into article_comment (article_id, user_id, description, created_at, created_by, modified_at, modified_by) values (95, 'uno', 'Aliquam non mauris.', '2023-05-25 01:43:35', 'Allie', '2023-06-15 14:23:11', 'Milly');
insert into article_comment (article_id, user_id, description, created_at, created_by, modified_at, modified_by) values (14, 'uno', 'Integer ac leo.', '2023-05-07 20:05:10', 'Fidela', '2023-10-15 23:20:18', 'Carry');
insert into article_comment (article_id, user_id, description, created_at, created_by, modified_at, modified_by) values (106, 'uno', 'Sed ante.', '2023-06-11 23:06:12', 'Bethany', '2023-09-04 18:01:21', 'Karl');
insert into article_comment (article_id, user_id, description, created_at, created_by, modified_at, modified_by) values (12, 'uno', 'Aenean fermentum.', '2023-02-12 22:50:22', 'Hilton', '2023-05-16 09:41:03', 'Joyan');
insert into article_comment (article_id, user_id, description, created_at, created_by, modified_at, modified_by) values (24, 'uno', 'Praesent id massa id nisl venenatis lacinia.', '2023-05-02 20:09:54', 'Rabi', '2023-07-05 23:30:25', 'Aylmar');
insert into article_comment (article_id, user_id, description, created_at, created_by, modified_at, modified_by) values (7, 'uno2', 'Aenean fermentum.', '2023-11-12 14:33:56', 'Durante', '2023-03-28 19:48:51', 'Chrissy');
insert into article_comment (article_id, user_id, description, created_at, created_by, modified_at, modified_by) values (28, 'uno', 'Nulla ac enim.', '2023-03-16 20:32:28', 'Horacio', '2023-01-02 18:55:56', 'Karin');
insert into article_comment (article_id, user_id, description, created_at, created_by, modified_at, modified_by) values (101, 'uno', 'Aenean fermentum.', '2022-12-21 00:59:07', 'Gunilla', '2023-03-04 12:18:51', 'Innis');
insert into article_comment (article_id, user_id, description, created_at, created_by, modified_at, modified_by) values (58, 'uno', 'Aliquam quis turpis eget elit sodales scelerisque.', '2023-01-13 19:07:40', 'Frieda', '2023-04-12 23:55:15', 'Jenica');
insert into article_comment (article_id, user_id, description, created_at, created_by, modified_at, modified_by) values (114, 'uno2', 'Curabitur gravida nisi at nibh.', '2023-03-04 09:02:32', 'Carlen', '2023-07-12 11:59:58', 'Katrine');
insert into article_comment (article_id, user_id, description, created_at, created_by, modified_at, modified_by) values (116, 'uno', 'Nullam sit amet turpis elementum ligula vehicula consequat.', '2023-07-25 21:40:17', 'Dyanne', '2023-10-05 12:22:38', 'Olivero');
insert into article_comment (article_id, user_id, description, created_at, created_by, modified_at, modified_by) values (21, 'uno', 'Nunc rhoncus dui vel sem.', '2023-07-23 08:16:17', 'Sande', '2023-03-31 05:41:02', 'Cloe');
insert into article_comment (article_id, user_id, description, created_at, created_by, modified_at, modified_by) values (119, 'uno', 'Nam dui.', '2023-10-07 10:48:57', 'Luce', '2023-04-18 14:43:55', 'Gunther');
insert into article_comment (article_id, user_id, description, created_at, created_by, modified_at, modified_by) values (7, 'uno2', 'Morbi vestibulum, velit id pretium iaculis, diam erat fermentum justo, nec condimentum neque sapien placerat ante.', '2023-07-09 21:58:42', 'Meir', '2023-09-18 21:53:54', 'Roanna');
insert into article_comment (article_id, user_id, description, created_at, created_by, modified_at, modified_by) values (81, 'uno', 'In blandit ultrices enim.', '2023-03-16 16:02:44', 'Allissa', '2023-08-01 22:30:57', 'Kimble');
insert into article_comment (article_id, user_id, description, created_at, created_by, modified_at, modified_by) values (81, 'uno', 'Nulla suscipit ligula in lacus.', '2023-05-04 08:03:03', 'Dyanne', '2023-04-24 21:00:09', 'Emmalee');
insert into article_comment (article_id, user_id, description, created_at, created_by, modified_at, modified_by) values (77, 'uno2', 'Aenean fermentum.', '2023-09-07 14:06:46', 'Ynes', '2023-10-12 20:06:36', 'Melloney');
insert into article_comment (article_id, user_id, description, created_at, created_by, modified_at, modified_by) values (67, 'uno2', 'Morbi vestibulum, velit id pretium iaculis, diam erat fermentum justo, nec condimentum neque sapien placerat ante.', '2023-02-23 10:32:38', 'Rossie', '2023-08-06 16:30:32', 'Darci');
insert into article_comment (article_id, user_id, description, created_at, created_by, modified_at, modified_by) values (56, 'uno', 'Morbi sem mauris, laoreet ut, rhoncus aliquet, pulvinar sed, nisl.', '2023-07-27 17:24:35', 'Nancie', '2023-02-18 06:14:13', 'Lowell');
insert into article_comment (article_id, user_id, description, created_at, created_by, modified_at, modified_by) values (44, 'uno2', 'Nam nulla.', '2023-08-03 15:14:43', 'Analise', '2023-04-07 00:55:13', 'Sutherland');
insert into article_comment (article_id, user_id, description, created_at, created_by, modified_at, modified_by) values (119, 'uno', 'In blandit ultrices enim.', '2023-06-21 16:33:24', 'Janene', '2023-10-16 03:10:34', 'Meade');
insert into article_comment (article_id, user_id, description, created_at, created_by, modified_at, modified_by) values (111, 'uno2', 'Vestibulum quam sapien, varius ut, blandit non, interdum in, ante.', '2023-04-08 05:35:34', 'Juana', '2023-06-28 01:17:25', 'Vevay');
insert into article_comment (article_id, user_id, description, created_at, created_by, modified_at, modified_by) values (110, 'uno', 'Vivamus vestibulum sagittis sapien.', '2023-06-26 10:27:19', 'Catlaina', '2023-07-06 22:53:13', 'Zitella');
insert into article_comment (article_id, user_id, description, created_at, created_by, modified_at, modified_by) values (24, 'uno2', 'Aliquam erat volutpat.', '2023-07-23 06:19:02', 'Galvin', '2023-01-05 06:48:11', 'Edy');
insert into article_comment (article_id, user_id, description, created_at, created_by, modified_at, modified_by) values (20, 'uno', 'Donec ut dolor.', '2023-04-07 02:12:50', 'Baxy', '2023-06-21 07:17:19', 'Ole');
insert into article_comment (article_id, user_id, description, created_at, created_by, modified_at, modified_by) values (65, 'uno2', 'Curabitur convallis.', '2023-11-11 02:13:29', 'Dov', '2023-07-22 14:36:19', 'Alvis');
insert into article_comment (article_id, user_id, description, created_at, created_by, modified_at, modified_by) values (15, 'uno', 'Nunc nisl.', '2023-01-03 04:29:45', 'Flossie', '2023-04-09 22:18:43', 'Con');
insert into article_comment (article_id, user_id, description, created_at, created_by, modified_at, modified_by) values (59, 'uno2', 'Nulla tellus.', '2023-01-27 21:28:42', 'Tore', '2023-08-27 15:37:34', 'Shelden');
insert into article_comment (article_id, user_id, description, created_at, created_by, modified_at, modified_by) values (121, 'uno2', 'Suspendisse potenti.', '2023-05-31 06:32:23', 'Lauren', '2023-02-03 20:27:43', 'Gabby');
insert into article_comment (article_id, user_id, description, created_at, created_by, modified_at, modified_by) values (35, 'uno', 'In est risus, auctor sed, tristique in, tempus sit amet, sem.', '2023-06-12 14:30:37', 'Cesya', '2023-01-23 22:51:33', 'Claudie');
insert into article_comment (article_id, user_id, description, created_at, created_by, modified_at, modified_by) values (60, 'uno2', 'Nullam molestie nibh in lectus.', '2023-04-08 10:57:58', 'Loutitia', '2023-01-17 12:28:31', 'Wayland');
insert into article_comment (article_id, user_id, description, created_at, created_by, modified_at, modified_by) values (26, 'uno2', 'Etiam pretium iaculis justo.', '2023-01-04 09:40:04', 'Shepperd', '2023-05-13 09:50:00', 'Laurent');
insert into article_comment (article_id, user_id, description, created_at, created_by, modified_at, modified_by) values (104, 'uno', 'Vivamus metus arcu, adipiscing molestie, hendrerit at, vulputate vitae, nisl.', '2023-02-09 04:20:25', 'Coop', '2023-10-22 11:27:04', 'Margie');
insert into article_comment (article_id, user_id, description, created_at, created_by, modified_at, modified_by) values (61, 'uno2', 'Vestibulum ante ipsum primis in faucibus orci luctus et ultrices posuere cubilia Curae; Nulla dapibus dolor vel est.', '2023-10-29 20:46:34', 'Tasha', '2023-02-27 23:54:16', 'Velma');
insert into article_comment (article_id, user_id, description, created_at, created_by, modified_at, modified_by) values (57, 'uno', 'Curabitur at ipsum ac tellus semper interdum.', '2023-05-16 07:58:55', 'Frederik', '2022-12-01 10:49:04', 'Bryanty');
insert into article_comment (article_id, user_id, description, created_at, created_by, modified_at, modified_by) values (81, 'uno2', 'Duis bibendum, felis sed interdum venenatis, turpis enim blandit mi, in porttitor pede justo eu massa.', '2023-04-18 20:47:15', 'Lynnett', '2023-03-19 16:11:30', 'Federico');
insert into article_comment (article_id, user_id, description, created_at, created_by, modified_at, modified_by) values (102, 'uno', 'Duis aliquam convallis nunc.', '2023-07-06 17:16:51', 'Brittni', '2023-08-30 06:06:37', 'Arney');
insert into article_comment (article_id, user_id, description, created_at, created_by, modified_at, modified_by) values (23, 'uno2', 'Nam congue, risus semper porta volutpat, quam pede lobortis ligula, sit amet eleifend pede libero quis orci.', '2023-10-27 07:32:48', 'Jeane', '2023-09-11 14:18:16', 'Saxon');
insert into article_comment (article_id, user_id, description, created_at, created_by, modified_at, modified_by) values (58, 'uno', 'Nullam orci pede, venenatis non, sodales sed, tincidunt eu, felis.', '2023-08-11 17:23:54', 'Abramo', '2023-05-19 23:32:12', 'Ellwood');
insert into article_comment (article_id, user_id, description, created_at, created_by, modified_at, modified_by) values (105, 'uno2', 'Vestibulum ac est lacinia nisi venenatis tristique.', '2023-02-14 16:21:42', 'Kyle', '2023-10-11 10:26:30', 'Roana');
insert into article_comment (article_id, user_id, description, created_at, created_by, modified_at, modified_by) values (95, 'uno2', 'Nam nulla.', '2023-03-20 06:52:44', 'Falito', '2023-06-28 00:31:38', 'Fawnia');
insert into article_comment (article_id, user_id, description, created_at, created_by, modified_at, modified_by) values (67, 'uno2', 'Curabitur convallis.', '2023-06-11 19:31:02', 'Shermy', '2023-01-03 23:00:48', 'Ruddie');
insert into article_comment (article_id, user_id, description, created_at, created_by, modified_at, modified_by) values (82, 'uno2', 'Etiam vel augue.', '2022-12-26 18:31:39', 'Xenos', '2022-12-29 20:34:24', 'Antin');
insert into article_comment (article_id, user_id, description, created_at, created_by, modified_at, modified_by) values (22, 'uno', 'Nam congue, risus semper porta volutpat, quam pede lobortis ligula, sit amet eleifend pede libero quis orci.', '2023-04-04 21:03:26', 'Lesley', '2023-08-11 16:43:31', 'Ardenia');
insert into article_comment (article_id, user_id, description, created_at, created_by, modified_at, modified_by) values (67, 'uno', 'Nulla justo.', '2023-10-07 12:59:17', 'Cassie', '2023-03-06 04:44:14', 'Selene');
insert into article_comment (article_id, user_id, description, created_at, created_by, modified_at, modified_by) values (89, 'uno2', 'Curabitur at ipsum ac tellus semper interdum.', '2023-02-25 09:24:43', 'Creigh', '2023-07-14 04:37:28', 'Audra');
insert into article_comment (article_id, user_id, description, created_at, created_by, modified_at, modified_by) values (36, 'uno', 'Morbi a ipsum.', '2023-05-25 06:50:31', 'Karlen', '2023-05-09 10:20:06', 'Theresita');
insert into article_comment (article_id, user_id, description, created_at, created_by, modified_at, modified_by) values (20, 'uno', 'Cras in purus eu magna vulputate luctus.', '2023-01-18 13:42:05', 'Joya', '2023-10-14 18:09:44', 'Townsend');
insert into article_comment (article_id, user_id, description, created_at, created_by, modified_at, modified_by) values (33, 'uno2', 'Donec vitae nisi.', '2023-08-29 09:22:18', 'Margaretta', '2023-01-21 23:54:12', 'Helena');
insert into article_comment (article_id, user_id, description, created_at, created_by, modified_at, modified_by) values (3, 'uno', 'Suspendisse potenti.', '2023-10-21 15:33:20', 'Trueman', '2023-03-04 19:32:37', 'Roanne');
insert into article_comment (article_id, user_id, description, created_at, created_by, modified_at, modified_by) values (72, 'uno', 'Phasellus in felis.', '2023-09-01 23:26:57', 'Yale', '2023-11-09 05:34:59', 'Rodie');
insert into article_comment (article_id, user_id, description, created_at, created_by, modified_at, modified_by) values (30, 'uno', 'Curabitur gravida nisi at nibh.', '2023-06-13 04:22:07', 'Dacy', '2023-04-11 18:40:32', 'Evangelin');
insert into article_comment (article_id, user_id, description, created_at, created_by, modified_at, modified_by) values (34, 'uno', 'Integer ac leo.', '2023-10-05 02:43:46', 'Thekla', '2023-02-10 00:41:13', 'Marylee');
insert into article_comment (article_id, user_id, description, created_at, created_by, modified_at, modified_by) values (114, 'uno2', 'Morbi non quam nec dui luctus rutrum.', '2023-05-23 06:28:10', 'Willy', '2023-01-20 13:27:02', 'Lurlene');
insert into article_comment (article_id, user_id, description, created_at, created_by, modified_at, modified_by) values (67, 'uno2', 'Donec ut mauris eget massa tempor convallis.', '2023-10-06 15:41:11', 'Robinet', '2023-01-10 17:16:52', 'Arabele');
insert into article_comment (article_id, user_id, description, created_at, created_by, modified_at, modified_by) values (101, 'uno2', 'Pellentesque eget nunc.', '2023-02-25 13:02:36', 'Wilona', '2023-02-27 00:53:40', 'Reta');
insert into article_comment (article_id, user_id, description, created_at, created_by, modified_at, modified_by) values (11, 'uno2', 'Integer tincidunt ante vel ipsum.', '2022-12-12 09:08:16', 'Guglielma', '2023-10-19 02:44:37', 'Adelheid');
insert into article_comment (article_id, user_id, description, created_at, created_by, modified_at, modified_by) values (59, 'uno', 'Fusce posuere felis sed lacus.', '2023-05-08 04:28:36', 'Farica', '2023-09-29 03:48:44', 'Kendre');
insert into article_comment (article_id, user_id, description, created_at, created_by, modified_at, modified_by) values (53, 'uno', 'Ut tellus.', '2023-09-25 23:21:58', 'Weston', '2023-05-31 20:02:21', 'Creight');
insert into article_comment (article_id, user_id, description, created_at, created_by, modified_at, modified_by) values (68, 'uno', 'Phasellus sit amet erat.', '2023-09-27 15:41:22', 'Germain', '2023-01-02 07:50:43', 'Andy');
insert into article_comment (article_id, user_id, description, created_at, created_by, modified_at, modified_by) values (27, 'uno2', 'In quis justo.', '2023-11-12 20:28:57', 'Sande', '2023-06-30 23:17:36', 'Rebeca');
insert into article_comment (article_id, user_id, description, created_at, created_by, modified_at, modified_by) values (98, 'uno', 'In est risus, auctor sed, tristique in, tempus sit amet, sem.', '2023-11-07 23:17:34', 'Bo', '2023-10-06 15:40:24', 'Clevie');
insert into article_comment (article_id, user_id, description, created_at, created_by, modified_at, modified_by) values (67, 'uno', 'Quisque porta volutpat erat.', '2023-05-06 18:10:31', 'Karina', '2023-09-02 03:42:51', 'Gwenette');
insert into article_comment (article_id, user_id, description, created_at, created_by, modified_at, modified_by) values (7, 'uno2', 'Suspendisse potenti.', '2023-11-05 20:01:18', 'Ursala', '2022-12-27 17:04:59', 'Catina');
insert into article_comment (article_id, user_id, description, created_at, created_by, modified_at, modified_by) values (44, 'uno', 'Cras non velit nec nisi vulputate nonummy.', '2023-09-12 06:43:03', 'Tan', '2023-02-23 11:55:06', 'Gaultiero');
insert into article_comment (article_id, user_id, description, created_at, created_by, modified_at, modified_by) values (81, 'uno2', 'Maecenas pulvinar lobortis est.', '2023-07-12 08:40:09', 'Bond', '2023-06-25 07:02:36', 'Sonnie');
insert into article_comment (article_id, user_id, description, created_at, created_by, modified_at, modified_by) values (92, 'uno', 'Quisque porta volutpat erat.', '2023-08-19 02:53:45', 'Vachel', '2023-08-13 17:02:27', 'Jori');
insert into article_comment (article_id, user_id, description, created_at, created_by, modified_at, modified_by) values (54, 'uno2', 'Duis consequat dui nec nisi volutpat eleifend.', '2023-07-25 22:17:26', 'Byrann', '2023-01-22 08:25:10', 'Pippo');
insert into article_comment (article_id, user_id, description, created_at, created_by, modified_at, modified_by) values (19, 'uno2', 'Maecenas ut massa quis augue luctus tincidunt.', '2023-08-16 16:13:20', 'Tamera', '2023-11-20 04:24:42', 'Tiffanie');
insert into article_comment (article_id, user_id, description, created_at, created_by, modified_at, modified_by) values (80, 'uno', 'Aliquam augue quam, sollicitudin vitae, consectetuer eget, rutrum at, lorem.', '2023-06-20 22:04:04', 'Edin', '2022-12-28 07:21:09', 'Carney');
insert into article_comment (article_id, user_id, description, created_at, created_by, modified_at, modified_by) values (48, 'uno', 'Praesent blandit.', '2023-03-29 02:21:04', 'Kessia', '2023-09-17 13:45:42', 'Roma');
insert into article_comment (article_id, user_id, description, created_at, created_by, modified_at, modified_by) values (50, 'uno', 'Donec dapibus.', '2023-11-03 11:25:02', 'Jefferson', '2023-01-09 02:36:43', 'Darb');
insert into article_comment (article_id, user_id, description, created_at, created_by, modified_at, modified_by) values (17, 'uno', 'Etiam pretium iaculis justo.', '2023-04-11 05:31:16', 'Loree', '2023-09-03 14:39:52', 'Caren');
insert into article_comment (article_id, user_id, description, created_at, created_by, modified_at, modified_by) values (108, 'uno', 'Integer a nibh.', '2023-08-05 17:10:42', 'Lowell', '2023-06-26 01:32:54', 'Nelie');
insert into article_comment (article_id, user_id, description, created_at, created_by, modified_at, modified_by) values (93, 'uno2', 'In blandit ultrices enim.', '2023-04-10 07:43:56', 'Stella', '2023-04-18 01:16:15', 'Faulkner');
insert into article_comment (article_id, user_id, description, created_at, created_by, modified_at, modified_by) values (89, 'uno', 'Aliquam non mauris.', '2023-03-25 15:49:20', 'Alfonse', '2023-09-14 13:59:57', 'Guglielma');
insert into article_comment (article_id, user_id, description, created_at, created_by, modified_at, modified_by) values (36, 'uno2', 'Nullam orci pede, venenatis non, sodales sed, tincidunt eu, felis.', '2023-06-22 06:53:52', 'Nathalia', '2023-11-08 16:25:06', 'Piggy');
insert into article_comment (article_id, user_id, description, created_at, created_by, modified_at, modified_by) values (12, 'uno', 'Cras non velit nec nisi vulputate nonummy.', '2023-06-27 09:36:52', 'Gamaliel', '2023-05-07 16:59:18', 'Melantha');
insert into article_comment (article_id, user_id, description, created_at, created_by, modified_at, modified_by) values (23, 'uno', 'In sagittis dui vel nisl.', '2022-12-06 10:15:47', 'Simona', '2023-04-02 15:14:43', 'Rozalie');
insert into article_comment (article_id, user_id, description, created_at, created_by, modified_at, modified_by) values (120, 'uno', 'Aliquam quis turpis eget elit sodales scelerisque.', '2023-08-11 00:53:37', 'Manya', '2023-09-30 01:26:08', 'Willie');
insert into article_comment (article_id, user_id, description, created_at, created_by, modified_at, modified_by) values (110, 'uno', 'Vivamus in felis eu sapien cursus vestibulum.', '2023-05-22 08:56:36', 'Davey', '2023-08-14 22:44:49', 'Tiphani');
insert into article_comment (article_id, user_id, description, created_at, created_by, modified_at, modified_by) values (13, 'uno2', 'Vestibulum ante ipsum primis in faucibus orci luctus et ultrices posuere cubilia Curae; Mauris viverra diam vitae quam.', '2023-11-19 02:04:26', 'Carree', '2023-05-12 20:45:13', 'Lev');
insert into article_comment (article_id, user_id, description, created_at, created_by, modified_at, modified_by) values (84, 'uno2', 'Duis aliquam convallis nunc.', '2023-01-10 20:39:38', 'Antone', '2023-06-25 07:50:44', 'Sheba');
insert into article_comment (article_id, user_id, description, created_at, created_by, modified_at, modified_by) values (86, 'uno', 'Nam nulla.', '2023-03-23 00:02:45', 'Jonas', '2023-07-16 08:28:26', 'Gunilla');
insert into article_comment (article_id, user_id, description, created_at, created_by, modified_at, modified_by) values (31, 'uno2', 'Morbi vestibulum, velit id pretium iaculis, diam erat fermentum justo, nec condimentum neque sapien placerat ante.', '2023-10-03 16:34:10', 'Carlye', '2022-11-30 02:12:35', 'Rik');
insert into article_comment (article_id, user_id, description, created_at, created_by, modified_at, modified_by) values (40, 'uno2', 'In congue.', '2023-11-05 14:54:17', 'Kakalina', '2023-01-10 03:39:50', 'Anetta');
insert into article_comment (article_id, user_id, description, created_at, created_by, modified_at, modified_by) values (28, 'uno', 'Sed ante.', '2023-07-16 11:58:07', 'Ilsa', '2023-08-28 04:04:12', 'Torrie');
insert into article_comment (article_id, user_id, description, created_at, created_by, modified_at, modified_by) values (76, 'uno', 'Integer aliquet, massa id lobortis convallis, tortor risus dapibus augue, vel accumsan tellus nisi eu orci.', '2022-11-30 10:05:59', 'Josefa', '2023-09-05 02:27:16', 'Kennan');
insert into article_comment (article_id, user_id, description, created_at, created_by, modified_at, modified_by) values (56, 'uno', 'Nulla tempus.', '2023-05-28 05:27:54', 'Yehudit', '2023-09-15 17:21:52', 'Monti');
insert into article_comment (article_id, user_id, description, created_at, created_by, modified_at, modified_by) values (21, 'uno2', 'In eleifend quam a odio.', '2023-05-03 21:46:44', 'Silvio', '2023-05-03 17:44:39', 'Geoffrey');
insert into article_comment (article_id, user_id, description, created_at, created_by, modified_at, modified_by) values (10, 'uno2', 'Morbi porttitor lorem id ligula.', '2023-06-17 13:28:11', 'Alexia', '2023-02-10 09:10:05', 'Aldric');
insert into article_comment (article_id, user_id, description, created_at, created_by, modified_at, modified_by) values (90, 'uno2', 'Aliquam erat volutpat.', '2023-01-02 04:57:43', 'North', '2023-06-01 22:28:04', 'Vivian');
insert into article_comment (article_id, user_id, description, created_at, created_by, modified_at, modified_by) values (8, 'uno', 'Mauris lacinia sapien quis libero.', '2023-01-09 11:55:34', 'Gregor', '2023-07-24 04:42:26', 'Kristen');
insert into article_comment (article_id, user_id, description, created_at, created_by, modified_at, modified_by) values (66, 'uno2', 'Morbi porttitor lorem id ligula.', '2022-12-25 04:06:31', 'Greta', '2022-12-10 15:37:53', 'Orren');
insert into article_comment (article_id, user_id, description, created_at, created_by, modified_at, modified_by) values (7, 'uno', 'Donec quis orci eget orci vehicula condimentum.', '2023-06-08 11:37:07', 'Aristotle', '2023-01-20 16:13:47', 'Pat');
insert into article_comment (article_id, user_id, description, created_at, created_by, modified_at, modified_by) values (5, 'uno', 'Aliquam erat volutpat.', '2023-03-26 22:20:22', 'Tremayne', '2023-08-06 01:38:35', 'Jillene');
insert into article_comment (article_id, user_id, description, created_at, created_by, modified_at, modified_by) values (63, 'uno', 'Nulla facilisi.', '2023-07-28 10:16:54', 'Veronica', '2023-09-28 01:54:41', 'Bernard');
insert into article_comment (article_id, user_id, description, created_at, created_by, modified_at, modified_by) values (2, 'uno', 'Praesent blandit.', '2023-01-12 12:01:07', 'Netty', '2022-12-12 08:56:52', 'Carey');
insert into article_comment (article_id, user_id, description, created_at, created_by, modified_at, modified_by) values (43, 'uno2', 'Nulla justo.', '2023-04-15 18:43:52', 'Honoria', '2023-02-15 01:13:04', 'Dawn');
insert into article_comment (article_id, user_id, description, created_at, created_by, modified_at, modified_by) values (117, 'uno', 'Nam tristique tortor eu pede.', '2023-03-15 01:44:33', 'Marne', '2023-07-04 23:23:33', 'Jeno');
insert into article_comment (article_id, user_id, description, created_at, created_by, modified_at, modified_by) values (7, 'uno2', 'Aenean lectus.', '2023-05-03 23:43:06', 'Rice', '2023-02-18 22:15:02', 'Joletta');
insert into article_comment (article_id, user_id, description, created_at, created_by, modified_at, modified_by) values (1, 'uno2', 'Nam dui.', '2023-02-05 04:48:28', 'Anselm', '2023-01-30 22:48:39', 'Turner');
insert into article_comment (article_id, user_id, description, created_at, created_by, modified_at, modified_by) values (61, 'uno2', 'Quisque arcu libero, rutrum ac, lobortis vel, dapibus at, diam.', '2022-12-16 08:31:45', 'Svend', '2023-07-02 09:58:54', 'Shandie');
insert into article_comment (article_id, user_id, description, created_at, created_by, modified_at, modified_by) values (118, 'uno2', 'Cum sociis natoque penatibus et magnis dis parturient montes, nascetur ridiculus mus.', '2023-01-01 19:54:47', 'Melisent', '2023-08-15 02:26:50', 'Benji');
insert into article_comment (article_id, user_id, description, created_at, created_by, modified_at, modified_by) values (65, 'uno2', 'Vestibulum quam sapien, varius ut, blandit non, interdum in, ante.', '2023-04-10 22:28:12', 'Olia', '2023-10-20 03:43:48', 'Neron');
insert into article_comment (article_id, user_id, description, created_at, created_by, modified_at, modified_by) values (109, 'uno2', 'Vestibulum ac est lacinia nisi venenatis tristique.', '2023-11-16 10:55:46', 'Carly', '2022-12-31 14:41:24', 'Bourke');
insert into article_comment (article_id, user_id, description, created_at, created_by, modified_at, modified_by) values (95, 'uno', 'In est risus, auctor sed, tristique in, tempus sit amet, sem.', '2023-09-01 23:01:17', 'Aliza', '2023-10-26 10:56:19', 'Linnie');
insert into article_comment (article_id, user_id, description, created_at, created_by, modified_at, modified_by) values (42, 'uno2', 'Integer aliquet, massa id lobortis convallis, tortor risus dapibus augue, vel accumsan tellus nisi eu orci.', '2023-09-18 19:17:50', 'Consolata', '2022-12-11 07:57:12', 'Lynnette');
insert into article_comment (article_id, user_id, description, created_at, created_by, modified_at, modified_by) values (105, 'uno', 'Cras pellentesque volutpat dui.', '2023-11-20 13:49:24', 'Ulrike', '2023-05-31 03:24:48', 'Mannie');
insert into article_comment (article_id, user_id, description, created_at, created_by, modified_at, modified_by) values (51, 'uno', 'Maecenas tincidunt lacus at velit.', '2023-04-01 20:34:11', 'Bab', '2023-06-26 05:00:27', 'Rutledge');
insert into article_comment (article_id, user_id, description, created_at, created_by, modified_at, modified_by) values (11, 'uno2', 'Praesent blandit lacinia erat.', '2023-04-02 23:56:23', 'Randell', '2023-07-07 01:56:25', 'Blanche');
insert into article_comment (article_id, user_id, description, created_at, created_by, modified_at, modified_by) values (96, 'uno2', 'Nam nulla.', '2023-03-12 20:23:08', 'Sigismund', '2023-06-15 13:47:12', 'Harmonie');
insert into article_comment (article_id, user_id, description, created_at, created_by, modified_at, modified_by) values (28, 'uno2', 'Praesent blandit lacinia erat.', '2023-02-02 15:39:33', 'Barbette', '2023-02-03 04:08:13', 'Mattias');
insert into article_comment (article_id, user_id, description, created_at, created_by, modified_at, modified_by) values (22, 'uno', 'Nunc purus.', '2022-12-10 05:35:19', 'Verge', '2023-03-16 19:23:52', 'Nehemiah');
insert into article_comment (article_id, user_id, description, created_at, created_by, modified_at, modified_by) values (21, 'uno2', 'In blandit ultrices enim.', '2023-02-22 06:58:39', 'Celestyn', '2023-04-28 09:39:18', 'Darla');
insert into article_comment (article_id, user_id, description, created_at, created_by, modified_at, modified_by) values (112, 'uno2', 'Aliquam erat volutpat.', '2022-11-30 01:25:12', 'Marcel', '2023-03-04 14:56:04', 'Karil');
insert into article_comment (article_id, user_id, description, created_at, created_by, modified_at, modified_by) values (81, 'uno', 'Etiam justo.', '2023-03-24 19:40:02', 'Henrieta', '2023-10-23 04:22:15', 'Elianore');
insert into article_comment (article_id, user_id, description, created_at, created_by, modified_at, modified_by) values (22, 'uno', 'Aenean sit amet justo.', '2023-10-22 11:19:51', 'Alexina', '2023-01-23 01:48:33', 'Cornall');
insert into article_comment (article_id, user_id, description, created_at, created_by, modified_at, modified_by) values (111, 'uno2', 'Suspendisse potenti.', '2023-04-08 11:48:08', 'Inger', '2023-05-24 07:35:02', 'Barret');
insert into article_comment (article_id, user_id, description, created_at, created_by, modified_at, modified_by) values (116, 'uno2', 'Morbi porttitor lorem id ligula.', '2023-03-09 10:10:41', 'Cobby', '2023-10-08 13:36:29', 'Perren');
insert into article_comment (article_id, user_id, description, created_at, created_by, modified_at, modified_by) values (42, 'uno2', 'Cum sociis natoque penatibus et magnis dis parturient montes, nascetur ridiculus mus.', '2023-04-14 13:13:23', 'Patrick', '2023-03-01 15:55:02', 'Janice');
insert into article_comment (article_id, user_id, description, created_at, created_by, modified_at, modified_by) values (75, 'uno', 'Morbi quis tortor id nulla ultrices aliquet.', '2023-04-11 21:16:34', 'Jannelle', '2023-05-10 03:56:12', 'Pierson');
insert into article_comment (article_id, user_id, description, created_at, created_by, modified_at, modified_by) values (57, 'uno2', 'In quis justo.', '2023-02-11 08:46:22', 'Alaric', '2022-12-10 17:04:35', 'Shirlee');
insert into article_comment (article_id, user_id, description, created_at, created_by, modified_at, modified_by) values (22, 'uno', 'Quisque arcu libero, rutrum ac, lobortis vel, dapibus at, diam.', '2023-07-06 14:47:58', 'Madelina', '2023-09-09 13:09:42', 'Addy');
insert into article_comment (article_id, user_id, description, created_at, created_by, modified_at, modified_by) values (17, 'uno2', 'Aliquam sit amet diam in magna bibendum imperdiet.', '2022-12-24 10:18:42', 'Christos', '2023-05-16 04:50:08', 'Ortensia');
insert into article_comment (article_id, user_id, description, created_at, created_by, modified_at, modified_by) values (111, 'uno2', 'Vestibulum ante ipsum primis in faucibus orci luctus et ultrices posuere cubilia Curae; Mauris viverra diam vitae quam.', '2023-05-15 13:48:05', 'Angeli', '2023-01-12 17:15:19', 'Gena');
insert into article_comment (article_id, user_id, description, created_at, created_by, modified_at, modified_by) values (69, 'uno2', 'Phasellus id sapien in sapien iaculis congue.', '2023-09-16 18:19:03', 'Rosanna', '2023-01-29 12:40:30', 'Brandea');
insert into article_comment (article_id, user_id, description, created_at, created_by, modified_at, modified_by) values (49, 'uno2', 'Morbi odio odio, elementum eu, interdum eu, tincidunt in, leo.', '2023-10-28 04:01:16', 'Rivalee', '2023-07-30 14:45:43', 'Alma');
insert into article_comment (article_id, user_id, description, created_at, created_by, modified_at, modified_by) values (17, 'uno', 'In hac habitasse platea dictumst.', '2023-10-28 11:24:47', 'Michele', '2023-04-10 01:16:21', 'Wesley');
insert into article_comment (article_id, user_id, description, created_at, created_by, modified_at, modified_by) values (79, 'uno2', 'In blandit ultrices enim.', '2023-05-21 01:13:35', 'Talbot', '2023-10-08 11:21:31', 'Mozelle');
